2025-04-21 12:31:04,454 - ERROR - Disk monitoring error: argument 1 (impossible<bad format char>)
2025-04-21 12:31:05,335 - INFO - Command server started on port 8080
2025-04-21 12:31:05,340 - INFO - Mouse listener started
2025-04-21 12:31:05,522 - INFO - Keyboard listener started
2025-04-21 12:31:05,690 - ERROR - FTP upload failed: [Errno 11001] getaddrinfo failed
2025-04-21 12:31:05,865 - INFO - Screenshot captured: screenshots/screen_20250421_123105.png
2025-04-21 12:31:06,498 - ERROR - Disk monitoring error: argument 1 (impossible<bad format char>)
2025-04-21 12:31:08,519 - ERROR - Disk monitoring error: argument 1 (impossible<bad format char>)
2025-04-21 12:31:10,170 - ERROR - Unhandled exception in listener callback
Traceback (most recent call last):
  File "E:\KeyLoggerProject\.venv\Lib\site-packages\pynput\_util\win32.py", line 386, in _handler
    converted = self._convert(code, msg, lpdata)
  File "E:\KeyLoggerProject\.venv\Lib\site-packages\pynput\_util\win32.py", line 401, in _convert
    raise NotImplementedError()
NotImplementedError

During handling of the above exception, another exception occurred:

Traceback (most recent call last):
  File "E:\KeyLoggerProject\.venv\Lib\site-packages\pynput\_util\__init__.py", line 228, in inner
    return f(self, *args, **kwargs)
  File "E:\KeyLoggerProject\.venv\Lib\site-packages\pynput\_util\win32.py", line 390, in _handler
    self._handle(code, msg, lpdata)
    ~~~~~~~~~~~~^^^^^^^^^^^^^^^^^^^
TypeError: '_thread._ThreadHandle' object is not callable
2025-04-21 12:31:10,541 - ERROR - Disk monitoring error: argument 1 (impossible<bad format char>)
2025-04-21 12:31:11,971 - INFO - Command server stopped
2025-04-21 12:31:15,473 - ERROR - Redaction error: bad escape \s at position 24
2025-04-21 12:31:16,060 - ERROR - Redaction error: bad escape \s at position 24
2025-04-21 12:31:34,469 - ERROR - Disk monitoring error: argument 1 (impossible<bad format char>)
2025-04-21 12:31:35,353 - INFO - Command server started on port 8080
2025-04-21 12:31:35,357 - INFO - Mouse listener started
2025-04-21 12:31:35,437 - ERROR - FTP upload failed: [Errno 11001] getaddrinfo failed
2025-04-21 12:31:35,523 - INFO - Keyboard listener started
2025-04-21 12:31:35,661 - INFO - Screenshot captured: screenshots/screen_20250421_123135.png
2025-04-21 12:31:36,496 - ERROR - Disk monitoring error: argument 1 (impossible<bad format char>)
2025-04-21 12:31:38,502 - ERROR - Disk monitoring error: argument 1 (impossible<bad format char>)
2025-04-21 12:31:39,133 - ERROR - Unhandled exception in listener callback
Traceback (most recent call last):
  File "E:\KeyLoggerProject\.venv\Lib\site-packages\pynput\_util\win32.py", line 386, in _handler
    converted = self._convert(code, msg, lpdata)
  File "E:\KeyLoggerProject\.venv\Lib\site-packages\pynput\_util\win32.py", line 401, in _convert
    raise NotImplementedError()
NotImplementedError

During handling of the above exception, another exception occurred:

Traceback (most recent call last):
  File "E:\KeyLoggerProject\.venv\Lib\site-packages\pynput\_util\__init__.py", line 228, in inner
    return f(self, *args, **kwargs)
  File "E:\KeyLoggerProject\.venv\Lib\site-packages\pynput\_util\win32.py", line 390, in _handler
    self._handle(code, msg, lpdata)
    ~~~~~~~~~~~~^^^^^^^^^^^^^^^^^^^
TypeError: '_thread._ThreadHandle' object is not callable
2025-04-21 12:31:40,512 - ERROR - Disk monitoring error: argument 1 (impossible<bad format char>)
2025-04-21 12:31:42,533 - ERROR - Disk monitoring error: argument 1 (impossible<bad format char>)
2025-04-21 12:31:42,561 - INFO - Keyboard listener started
2025-04-21 12:31:42,562 - INFO - Mouse listener started
2025-04-21 12:31:42,713 - INFO - Screenshot captured: screenshots/screen_20250421_123142.png
2025-04-21 12:31:43,126 - ERROR - Unhandled exception in listener callback
Traceback (most recent call last):
  File "E:\KeyLoggerProject\.venv\Lib\site-packages\pynput\_util\win32.py", line 386, in _handler
    converted = self._convert(code, msg, lpdata)
  File "E:\KeyLoggerProject\.venv\Lib\site-packages\pynput\_util\win32.py", line 401, in _convert
    raise NotImplementedError()
NotImplementedError

During handling of the above exception, another exception occurred:

Traceback (most recent call last):
  File "E:\KeyLoggerProject\.venv\Lib\site-packages\pynput\_util\__init__.py", line 228, in inner
    return f(self, *args, **kwargs)
  File "E:\KeyLoggerProject\.venv\Lib\site-packages\pynput\_util\win32.py", line 390, in _handler
    self._handle(code, msg, lpdata)
    ~~~~~~~~~~~~^^^^^^^^^^^^^^^^^^^
TypeError: '_thread._ThreadHandle' object is not callable
2025-04-21 12:31:58,362 - ERROR - Redaction error: bad escape \s at position 24
2025-04-21 12:31:58,365 - ERROR - Redaction error: bad escape \s at position 24
2025-04-21 12:31:58,487 - ERROR - Redaction error: bad escape \s at position 24
2025-04-21 12:31:58,488 - ERROR - Redaction error: bad escape \s at position 24
2025-04-21 12:31:59,263 - ERROR - Redaction error: bad escape \s at position 24
2025-04-21 12:31:59,264 - ERROR - Redaction error: bad escape \s at position 24
2025-04-21 12:31:59,388 - ERROR - Redaction error: bad escape \s at position 24
2025-04-21 12:31:59,388 - ERROR - Redaction error: bad escape \s at position 24
2025-04-21 12:31:59,577 - ERROR - Redaction error: bad escape \s at position 24
2025-04-21 12:31:59,578 - ERROR - Redaction error: bad escape \s at position 24
2025-04-21 12:32:00,958 - ERROR - Redaction error: bad escape \s at position 24
2025-04-21 12:32:00,959 - ERROR - Redaction error: bad escape \s at position 24
2025-04-21 12:32:01,133 - ERROR - Redaction error: bad escape \s at position 24
2025-04-21 12:32:01,133 - ERROR - Redaction error: bad escape \s at position 24
2025-04-21 12:32:01,278 - ERROR - Redaction error: bad escape \s at position 24
2025-04-21 12:32:01,278 - ERROR - Redaction error: bad escape \s at position 24
2025-04-21 12:32:01,424 - ERROR - Redaction error: bad escape \s at position 24
2025-04-21 12:32:01,425 - ERROR - Redaction error: bad escape \s at position 24
2025-04-21 12:32:01,578 - ERROR - Redaction error: bad escape \s at position 24
2025-04-21 12:32:01,578 - ERROR - Redaction error: bad escape \s at position 24
2025-04-21 12:32:01,748 - ERROR - Redaction error: bad escape \s at position 24
2025-04-21 12:32:01,748 - ERROR - Redaction error: bad escape \s at position 24
2025-04-24 18:02:10,296 - ERROR - Disk monitoring error: argument 1 (impossible<bad format char>)
2025-04-24 18:02:12,360 - INFO - Command server started on port 8080
2025-04-24 18:02:12,366 - INFO - Mouse listener started
2025-04-24 18:02:12,461 - INFO - Keyboard listener started
2025-04-24 18:02:12,740 - INFO - Screenshot captured: screenshots/screen_20250424_180212.png
2025-04-24 18:02:12,849 - ERROR - FTP upload failed: [Errno 11001] getaddrinfo failed
2025-04-24 18:02:13,444 - ERROR - Disk monitoring error: argument 1 (impossible<bad format char>)
2025-04-24 18:02:14,123 - ERROR - Unhandled exception in listener callback
Traceback (most recent call last):
  File "E:\KeyLoggerProject\.venv\Lib\site-packages\pynput\_util\win32.py", line 386, in _handler
    converted = self._convert(code, msg, lpdata)
  File "E:\KeyLoggerProject\.venv\Lib\site-packages\pynput\_util\win32.py", line 401, in _convert
    raise NotImplementedError()
NotImplementedError

During handling of the above exception, another exception occurred:

Traceback (most recent call last):
  File "E:\KeyLoggerProject\.venv\Lib\site-packages\pynput\_util\__init__.py", line 228, in inner
    return f(self, *args, **kwargs)
  File "E:\KeyLoggerProject\.venv\Lib\site-packages\pynput\_util\win32.py", line 390, in _handler
    self._handle(code, msg, lpdata)
    ~~~~~~~~~~~~^^^^^^^^^^^^^^^^^^^
TypeError: '_thread._ThreadHandle' object is not callable
2025-04-24 18:02:15,452 - ERROR - Disk monitoring error: argument 1 (impossible<bad format char>)
2025-04-24 18:02:17,457 - ERROR - Disk monitoring error: argument 1 (impossible<bad format char>)
2025-04-24 18:02:19,464 - ERROR - Disk monitoring error: argument 1 (impossible<bad format char>)
2025-04-24 18:02:21,474 - ERROR - Disk monitoring error: argument 1 (impossible<bad format char>)
2025-04-24 18:02:21,505 - INFO - Keyboard listener started
2025-04-24 18:02:21,506 - INFO - Mouse listener started
2025-04-24 18:02:21,637 - ERROR - Unhandled exception in listener callback
Traceback (most recent call last):
  File "E:\KeyLoggerProject\.venv\Lib\site-packages\pynput\_util\win32.py", line 386, in _handler
    converted = self._convert(code, msg, lpdata)
  File "E:\KeyLoggerProject\.venv\Lib\site-packages\pynput\_util\win32.py", line 401, in _convert
    raise NotImplementedError()
NotImplementedError

During handling of the above exception, another exception occurred:

Traceback (most recent call last):
  File "E:\KeyLoggerProject\.venv\Lib\site-packages\pynput\_util\__init__.py", line 228, in inner
    return f(self, *args, **kwargs)
  File "E:\KeyLoggerProject\.venv\Lib\site-packages\pynput\_util\win32.py", line 390, in _handler
    self._handle(code, msg, lpdata)
    ~~~~~~~~~~~~^^^^^^^^^^^^^^^^^^^
TypeError: '_thread._ThreadHandle' object is not callable
2025-04-24 18:02:21,667 - INFO - Screenshot captured: screenshots/screen_20250424_180221.png
2025-04-24 18:04:16,945 - ERROR - Disk monitoring error: argument 1 (impossible<bad format char>)
2025-04-24 18:04:18,137 - INFO - Command server started on port 8080
2025-04-24 18:04:18,139 - INFO - Mouse listener started
2025-04-24 18:04:18,221 - INFO - Keyboard listener started
2025-04-24 18:04:18,442 - INFO - Screenshot captured: screenshots/screen_20250424_180418.png
2025-04-24 18:04:19,049 - ERROR - Unhandled exception in listener callback
Traceback (most recent call last):
  File "E:\KeyLoggerProject\.venv\Lib\site-packages\pynput\_util\win32.py", line 386, in _handler
    converted = self._convert(code, msg, lpdata)
  File "E:\KeyLoggerProject\.venv\Lib\site-packages\pynput\_util\win32.py", line 401, in _convert
    raise NotImplementedError()
NotImplementedError

During handling of the above exception, another exception occurred:

Traceback (most recent call last):
  File "E:\KeyLoggerProject\.venv\Lib\site-packages\pynput\_util\__init__.py", line 228, in inner
    return f(self, *args, **kwargs)
  File "E:\KeyLoggerProject\.venv\Lib\site-packages\pynput\_util\win32.py", line 390, in _handler
    self._handle(code, msg, lpdata)
    ~~~~~~~~~~~~^^^^^^^^^^^^^^^^^^^
TypeError: '_thread._ThreadHandle' object is not callable
2025-04-24 18:04:19,195 - ERROR - Disk monitoring error: argument 1 (impossible<bad format char>)
2025-04-24 18:04:19,944 - ERROR - FTP upload failed: [Errno 11001] getaddrinfo failed
2025-04-24 18:04:21,214 - ERROR - Disk monitoring error: argument 1 (impossible<bad format char>)
2025-04-24 18:04:22,195 - INFO - Keyboard listener started
2025-04-24 18:04:22,197 - INFO - Mouse listener started
2025-04-24 18:04:22,382 - INFO - Screenshot captured: screenshots/screen_20250424_180422.png
2025-04-24 18:04:24,558 - ERROR - Unhandled exception in listener callback
Traceback (most recent call last):
  File "E:\KeyLoggerProject\.venv\Lib\site-packages\pynput\_util\win32.py", line 386, in _handler
    converted = self._convert(code, msg, lpdata)
  File "E:\KeyLoggerProject\.venv\Lib\site-packages\pynput\_util\win32.py", line 401, in _convert
    raise NotImplementedError()
NotImplementedError

During handling of the above exception, another exception occurred:

Traceback (most recent call last):
  File "E:\KeyLoggerProject\.venv\Lib\site-packages\pynput\_util\__init__.py", line 228, in inner
    return f(self, *args, **kwargs)
  File "E:\KeyLoggerProject\.venv\Lib\site-packages\pynput\_util\win32.py", line 390, in _handler
    self._handle(code, msg, lpdata)
    ~~~~~~~~~~~~^^^^^^^^^^^^^^^^^^^
TypeError: '_thread._ThreadHandle' object is not callable
2025-04-24 18:09:35,348 - ERROR - Disk monitoring error: argument 1 (impossible<bad format char>)
2025-04-24 18:09:35,371 - INFO - Command server started on port 8080
2025-04-24 18:09:35,373 - INFO - Mouse listener started
2025-04-24 18:09:35,551 - INFO - Keyboard listener started
2025-04-24 18:09:35,871 - INFO - Screenshot captured: screenshots/screen_20250424_180935.png
2025-04-24 18:09:36,437 - ERROR - Unhandled exception in listener callback
Traceback (most recent call last):
  File "E:\KeyLoggerProject\.venv\Lib\site-packages\pynput\_util\win32.py", line 386, in _handler
    converted = self._convert(code, msg, lpdata)
  File "E:\KeyLoggerProject\.venv\Lib\site-packages\pynput\_util\win32.py", line 401, in _convert
    raise NotImplementedError()
NotImplementedError

During handling of the above exception, another exception occurred:

Traceback (most recent call last):
  File "E:\KeyLoggerProject\.venv\Lib\site-packages\pynput\_util\__init__.py", line 228, in inner
    return f(self, *args, **kwargs)
  File "E:\KeyLoggerProject\.venv\Lib\site-packages\pynput\_util\win32.py", line 390, in _handler
    self._handle(code, msg, lpdata)
    ~~~~~~~~~~~~^^^^^^^^^^^^^^^^^^^
TypeError: '_thread._ThreadHandle' object is not callable
2025-04-24 18:09:37,356 - ERROR - Disk monitoring error: argument 1 (impossible<bad format char>)
2025-04-24 18:09:39,365 - ERROR - Disk monitoring error: argument 1 (impossible<bad format char>)
2025-04-24 18:09:39,753 - INFO - Keyboard listener started
2025-04-24 18:09:39,754 - INFO - Mouse listener started
2025-04-24 18:09:39,930 - INFO - Screenshot captured: screenshots/screen_20250424_180939.png
2025-04-24 18:09:42,272 - ERROR - Unhandled exception in listener callback
Traceback (most recent call last):
  File "E:\KeyLoggerProject\.venv\Lib\site-packages\pynput\_util\win32.py", line 386, in _handler
    converted = self._convert(code, msg, lpdata)
  File "E:\KeyLoggerProject\.venv\Lib\site-packages\pynput\_util\win32.py", line 401, in _convert
    raise NotImplementedError()
NotImplementedError

During handling of the above exception, another exception occurred:

Traceback (most recent call last):
  File "E:\KeyLoggerProject\.venv\Lib\site-packages\pynput\_util\__init__.py", line 228, in inner
    return f(self, *args, **kwargs)
  File "E:\KeyLoggerProject\.venv\Lib\site-packages\pynput\_util\win32.py", line 390, in _handler
    self._handle(code, msg, lpdata)
    ~~~~~~~~~~~~^^^^^^^^^^^^^^^^^^^
TypeError: '_thread._ThreadHandle' object is not callable
2025-04-24 18:09:47,471 - ERROR - FTP upload failed: [Errno 11001] getaddrinfo failed
2025-04-24 18:11:27,554 - ERROR - Disk monitoring error: argument 1 (impossible<bad format char>)
2025-04-24 18:11:27,572 - INFO - Command server started on port 8080
2025-04-24 18:11:27,619 - INFO - Mouse listener started
2025-04-24 18:11:27,747 - INFO - Keyboard listener started
2025-04-24 18:11:27,893 - INFO - Screenshot captured: screenshots/screen_20250424_181127.png
2025-04-24 18:11:28,076 - ERROR - FTP upload failed: [Errno 11001] getaddrinfo failed
2025-04-24 18:11:29,304 - ERROR - Unhandled exception in listener callback
Traceback (most recent call last):
  File "E:\KeyLoggerProject\.venv\Lib\site-packages\pynput\_util\win32.py", line 386, in _handler
    converted = self._convert(code, msg, lpdata)
  File "E:\KeyLoggerProject\.venv\Lib\site-packages\pynput\_util\win32.py", line 401, in _convert
    raise NotImplementedError()
NotImplementedError

During handling of the above exception, another exception occurred:

Traceback (most recent call last):
  File "E:\KeyLoggerProject\.venv\Lib\site-packages\pynput\_util\__init__.py", line 228, in inner
    return f(self, *args, **kwargs)
  File "E:\KeyLoggerProject\.venv\Lib\site-packages\pynput\_util\win32.py", line 390, in _handler
    self._handle(code, msg, lpdata)
    ~~~~~~~~~~~~^^^^^^^^^^^^^^^^^^^
TypeError: '_thread._ThreadHandle' object is not callable
2025-04-24 18:11:29,575 - ERROR - Disk monitoring error: argument 1 (impossible<bad format char>)
2025-04-24 18:11:31,583 - ERROR - Disk monitoring error: argument 1 (impossible<bad format char>)
2025-04-24 18:11:31,602 - INFO - Keyboard listener started
2025-04-24 18:11:31,603 - INFO - Mouse listener started
2025-04-24 18:11:31,778 - INFO - Screenshot captured: screenshots/screen_20250424_181131.png
2025-04-24 18:11:39,613 - ERROR - Unhandled exception in listener callback
Traceback (most recent call last):
  File "E:\KeyLoggerProject\.venv\Lib\site-packages\pynput\_util\win32.py", line 386, in _handler
    converted = self._convert(code, msg, lpdata)
  File "E:\KeyLoggerProject\.venv\Lib\site-packages\pynput\_util\win32.py", line 401, in _convert
    raise NotImplementedError()
NotImplementedError

During handling of the above exception, another exception occurred:

Traceback (most recent call last):
  File "E:\KeyLoggerProject\.venv\Lib\site-packages\pynput\_util\__init__.py", line 228, in inner
    return f(self, *args, **kwargs)
  File "E:\KeyLoggerProject\.venv\Lib\site-packages\pynput\_util\win32.py", line 390, in _handler
    self._handle(code, msg, lpdata)
    ~~~~~~~~~~~~^^^^^^^^^^^^^^^^^^^
TypeError: '_thread._ThreadHandle' object is not callable
2025-04-24 18:12:30,143 - ERROR - Disk monitoring error: argument 1 (impossible<bad format char>)
2025-04-24 18:12:30,174 - INFO - Command server started on port 8080
2025-04-24 18:12:30,178 - INFO - Mouse listener started
2025-04-24 18:12:30,251 - ERROR - Unhandled exception in listener callback
Traceback (most recent call last):
  File "E:\KeyLoggerProject\.venv\Lib\site-packages\pynput\_util\win32.py", line 386, in _handler
    converted = self._convert(code, msg, lpdata)
  File "E:\KeyLoggerProject\.venv\Lib\site-packages\pynput\_util\win32.py", line 401, in _convert
    raise NotImplementedError()
NotImplementedError

During handling of the above exception, another exception occurred:

Traceback (most recent call last):
  File "E:\KeyLoggerProject\.venv\Lib\site-packages\pynput\_util\__init__.py", line 228, in inner
    return f(self, *args, **kwargs)
  File "E:\KeyLoggerProject\.venv\Lib\site-packages\pynput\_util\win32.py", line 390, in _handler
    self._handle(code, msg, lpdata)
    ~~~~~~~~~~~~^^^^^^^^^^^^^^^^^^^
TypeError: '_thread._ThreadHandle' object is not callable
2025-04-24 18:12:30,399 - INFO - Keyboard listener started
2025-04-24 18:12:30,548 - INFO - Screenshot captured: screenshots/screen_20250424_181230.png
2025-04-24 18:12:30,829 - ERROR - FTP upload failed: [Errno 11001] getaddrinfo failed
2025-04-24 18:12:32,152 - ERROR - Disk monitoring error: argument 1 (impossible<bad format char>)
2025-04-24 18:12:32,423 - INFO - Keyboard listener started
2025-04-24 18:12:32,424 - INFO - Mouse listener started
2025-04-24 18:12:32,587 - INFO - Screenshot captured: screenshots/screen_20250424_181232.png
2025-04-24 18:12:33,899 - ERROR - Unhandled exception in listener callback
Traceback (most recent call last):
  File "E:\KeyLoggerProject\.venv\Lib\site-packages\pynput\_util\win32.py", line 386, in _handler
    converted = self._convert(code, msg, lpdata)
  File "E:\KeyLoggerProject\.venv\Lib\site-packages\pynput\_util\win32.py", line 401, in _convert
    raise NotImplementedError()
NotImplementedError

During handling of the above exception, another exception occurred:

Traceback (most recent call last):
  File "E:\KeyLoggerProject\.venv\Lib\site-packages\pynput\_util\__init__.py", line 228, in inner
    return f(self, *args, **kwargs)
  File "E:\KeyLoggerProject\.venv\Lib\site-packages\pynput\_util\win32.py", line 390, in _handler
    self._handle(code, msg, lpdata)
    ~~~~~~~~~~~~^^^^^^^^^^^^^^^^^^^
TypeError: '_thread._ThreadHandle' object is not callable
2025-04-24 18:13:31,240 - INFO - Screenshot captured: screenshots/screen_20250424_181330.png
2025-04-24 18:13:33,179 - INFO - Screenshot captured: screenshots/screen_20250424_181332.png
2025-04-24 18:14:31,879 - INFO - Screenshot captured: screenshots/screen_20250424_181431.png
2025-04-24 18:14:33,795 - INFO - Screenshot captured: screenshots/screen_20250424_181433.png
2025-04-24 18:15:32,489 - INFO - Screenshot captured: screenshots/screen_20250424_181531.png
2025-04-24 18:15:33,852 - ERROR - Redaction error: can only concatenate str (not "NoneType") to str
2025-04-24 18:15:33,853 - ERROR - Redaction error: can only concatenate str (not "NoneType") to str
2025-04-24 18:15:34,374 - INFO - Screenshot captured: screenshots/screen_20250424_181533.png
2025-04-24 18:16:33,033 - INFO - Screenshot captured: screenshots/screen_20250424_181632.png
2025-04-24 18:16:34,927 - INFO - Screenshot captured: screenshots/screen_20250424_181634.png
2025-04-24 18:17:33,587 - INFO - Screenshot captured: screenshots/screen_20250424_181733.png
2025-04-24 18:17:35,469 - INFO - Screenshot captured: screenshots/screen_20250424_181734.png
2025-04-24 18:17:38,358 - ERROR - FTP upload failed: [Errno 11001] getaddrinfo failed
2025-04-24 18:17:53,883 - ERROR - Redaction error: can only concatenate str (not "NoneType") to str
2025-04-24 18:17:53,883 - ERROR - Redaction error: can only concatenate str (not "NoneType") to str
2025-04-24 18:18:40,486 - ERROR - Disk monitoring error: argument 1 (impossible<bad format char>)
2025-04-24 18:18:40,504 - INFO - Command server started on port 8080
2025-04-24 18:18:40,547 - INFO - Mouse listener started
2025-04-24 18:18:40,674 - INFO - Keyboard listener started
2025-04-24 18:18:40,825 - INFO - Screenshot captured: screenshots/screen_20250424_181840.png
2025-04-24 18:18:40,889 - ERROR - FTP upload failed: [Errno 11001] getaddrinfo failed
2025-04-24 18:18:42,493 - ERROR - Disk monitoring error: argument 1 (impossible<bad format char>)
2025-04-24 18:18:44,512 - ERROR - Disk monitoring error: argument 1 (impossible<bad format char>)
2025-04-24 18:18:46,521 - ERROR - Disk monitoring error: argument 1 (impossible<bad format char>)
2025-04-24 18:18:46,974 - ERROR - Unhandled exception in listener callback
Traceback (most recent call last):
  File "E:\KeyLoggerProject\.venv\Lib\site-packages\pynput\_util\win32.py", line 386, in _handler
    converted = self._convert(code, msg, lpdata)
  File "E:\KeyLoggerProject\.venv\Lib\site-packages\pynput\_util\win32.py", line 401, in _convert
    raise NotImplementedError()
NotImplementedError

During handling of the above exception, another exception occurred:

Traceback (most recent call last):
  File "E:\KeyLoggerProject\.venv\Lib\site-packages\pynput\_util\__init__.py", line 228, in inner
    return f(self, *args, **kwargs)
  File "E:\KeyLoggerProject\.venv\Lib\site-packages\pynput\_util\win32.py", line 390, in _handler
    self._handle(code, msg, lpdata)
    ~~~~~~~~~~~~^^^^^^^^^^^^^^^^^^^
TypeError: '_thread._ThreadHandle' object is not callable
2025-04-24 18:18:48,528 - ERROR - Disk monitoring error: argument 1 (impossible<bad format char>)
2025-04-24 18:18:50,543 - ERROR - Disk monitoring error: argument 1 (impossible<bad format char>)
2025-04-24 18:18:50,562 - INFO - Keyboard listener started
2025-04-24 18:18:50,563 - INFO - Mouse listener started
2025-04-24 18:18:50,738 - INFO - Screenshot captured: screenshots/screen_20250424_181850.png
2025-04-24 18:18:59,822 - ERROR - Unhandled exception in listener callback
Traceback (most recent call last):
  File "E:\KeyLoggerProject\.venv\Lib\site-packages\pynput\_util\win32.py", line 386, in _handler
    converted = self._convert(code, msg, lpdata)
  File "E:\KeyLoggerProject\.venv\Lib\site-packages\pynput\_util\win32.py", line 401, in _convert
    raise NotImplementedError()
NotImplementedError

During handling of the above exception, another exception occurred:

Traceback (most recent call last):
  File "E:\KeyLoggerProject\.venv\Lib\site-packages\pynput\_util\__init__.py", line 228, in inner
    return f(self, *args, **kwargs)
  File "E:\KeyLoggerProject\.venv\Lib\site-packages\pynput\_util\win32.py", line 390, in _handler
    self._handle(code, msg, lpdata)
    ~~~~~~~~~~~~^^^^^^^^^^^^^^^^^^^
TypeError: '_thread._ThreadHandle' object is not callable
2025-04-24 18:19:41,347 - INFO - Screenshot captured: screenshots/screen_20250424_181940.png
2025-04-24 18:19:51,298 - INFO - Screenshot captured: screenshots/screen_20250424_181950.png
2025-04-24 18:26:44,071 - ERROR - Disk monitoring error: argument 1 (impossible<bad format char>)
2025-04-24 18:26:44,100 - INFO - Command server started on port 8080
2025-04-24 18:26:44,103 - INFO - Mouse listener started
2025-04-24 18:26:44,290 - INFO - Keyboard listener started
2025-04-24 18:26:44,426 - INFO - Screenshot captured: screenshots/screen_20250424_182644.png
2025-04-24 18:26:45,741 - ERROR - Unhandled exception in listener callback
Traceback (most recent call last):
  File "E:\KeyLoggerProject\.venv\Lib\site-packages\pynput\_util\win32.py", line 386, in _handler
    converted = self._convert(code, msg, lpdata)
  File "E:\KeyLoggerProject\.venv\Lib\site-packages\pynput\_util\win32.py", line 401, in _convert
    raise NotImplementedError()
NotImplementedError

During handling of the above exception, another exception occurred:

Traceback (most recent call last):
  File "E:\KeyLoggerProject\.venv\Lib\site-packages\pynput\_util\__init__.py", line 228, in inner
    return f(self, *args, **kwargs)
  File "E:\KeyLoggerProject\.venv\Lib\site-packages\pynput\_util\win32.py", line 390, in _handler
    self._handle(code, msg, lpdata)
    ~~~~~~~~~~~~^^^^^^^^^^^^^^^^^^^
TypeError: '_thread._ThreadHandle' object is not callable
2025-04-24 18:26:46,092 - ERROR - Disk monitoring error: argument 1 (impossible<bad format char>)
2025-04-24 18:26:48,099 - ERROR - Disk monitoring error: argument 1 (impossible<bad format char>)
2025-04-24 18:26:48,132 - INFO - Keyboard listener started
2025-04-24 18:26:48,133 - INFO - Mouse listener started
2025-04-24 18:26:48,354 - INFO - Screenshot captured: screenshots/screen_20250424_182648.png
2025-04-24 18:26:51,279 - ERROR - Unhandled exception in listener callback
Traceback (most recent call last):
  File "E:\KeyLoggerProject\.venv\Lib\site-packages\pynput\_util\win32.py", line 386, in _handler
    converted = self._convert(code, msg, lpdata)
  File "E:\KeyLoggerProject\.venv\Lib\site-packages\pynput\_util\win32.py", line 401, in _convert
    raise NotImplementedError()
NotImplementedError

During handling of the above exception, another exception occurred:

Traceback (most recent call last):
  File "E:\KeyLoggerProject\.venv\Lib\site-packages\pynput\_util\__init__.py", line 228, in inner
    return f(self, *args, **kwargs)
  File "E:\KeyLoggerProject\.venv\Lib\site-packages\pynput\_util\win32.py", line 390, in _handler
    self._handle(code, msg, lpdata)
    ~~~~~~~~~~~~^^^^^^^^^^^^^^^^^^^
TypeError: '_thread._ThreadHandle' object is not callable
2025-04-24 18:26:55,518 - ERROR - FTP upload failed: [Errno 11001] getaddrinfo failed
2025-04-24 18:29:39,575 - ERROR - Disk monitoring error: argument 1 (impossible<bad format char>)
2025-04-24 18:29:39,593 - INFO - Command server started on port 8080
2025-04-24 18:29:39,595 - INFO - Mouse listener started
2025-04-24 18:29:39,788 - INFO - Keyboard listener started
2025-04-24 18:29:39,822 - ERROR - Unhandled exception in listener callback
Traceback (most recent call last):
  File "E:\KeyLoggerProject\.venv\Lib\site-packages\pynput\_util\win32.py", line 386, in _handler
    converted = self._convert(code, msg, lpdata)
  File "E:\KeyLoggerProject\.venv\Lib\site-packages\pynput\_util\win32.py", line 401, in _convert
    raise NotImplementedError()
NotImplementedError

During handling of the above exception, another exception occurred:

Traceback (most recent call last):
  File "E:\KeyLoggerProject\.venv\Lib\site-packages\pynput\_util\__init__.py", line 228, in inner
    return f(self, *args, **kwargs)
  File "E:\KeyLoggerProject\.venv\Lib\site-packages\pynput\_util\win32.py", line 390, in _handler
    self._handle(code, msg, lpdata)
    ~~~~~~~~~~~~^^^^^^^^^^^^^^^^^^^
TypeError: '_thread._ThreadHandle' object is not callable
2025-04-24 18:29:39,905 - INFO - Screenshot captured: screenshots/screen_20250424_182939.png
2025-04-24 18:29:41,590 - ERROR - Disk monitoring error: argument 1 (impossible<bad format char>)
2025-04-24 18:29:41,970 - INFO - Keyboard listener started
2025-04-24 18:29:41,970 - INFO - Mouse listener started
2025-04-24 18:29:42,162 - INFO - Screenshot captured: screenshots/screen_20250424_182941.png
2025-04-24 18:29:42,369 - ERROR - Unhandled exception in listener callback
Traceback (most recent call last):
  File "E:\KeyLoggerProject\.venv\Lib\site-packages\pynput\_util\win32.py", line 386, in _handler
    converted = self._convert(code, msg, lpdata)
  File "E:\KeyLoggerProject\.venv\Lib\site-packages\pynput\_util\win32.py", line 401, in _convert
    raise NotImplementedError()
NotImplementedError

During handling of the above exception, another exception occurred:

Traceback (most recent call last):
  File "E:\KeyLoggerProject\.venv\Lib\site-packages\pynput\_util\__init__.py", line 228, in inner
    return f(self, *args, **kwargs)
  File "E:\KeyLoggerProject\.venv\Lib\site-packages\pynput\_util\win32.py", line 390, in _handler
    self._handle(code, msg, lpdata)
    ~~~~~~~~~~~~^^^^^^^^^^^^^^^^^^^
TypeError: '_thread._ThreadHandle' object is not callable
2025-04-24 18:29:50,979 - ERROR - FTP upload failed: [Errno 11001] getaddrinfo failed
2025-04-24 18:33:10,728 - ERROR - Disk monitoring error: argument 1 (impossible<bad format char>)
2025-04-24 18:33:10,740 - INFO - Command server started on port 8080
2025-04-24 18:33:10,743 - INFO - Mouse listener started
2025-04-24 18:33:10,842 - INFO - Keyboard listener started
2025-04-24 18:33:11,130 - INFO - Screenshot captured: screenshots/screen_20250424_183310.png
2025-04-24 18:33:11,333 - ERROR - FTP upload failed: [Errno 11001] getaddrinfo failed
2025-04-24 18:33:12,741 - ERROR - Disk monitoring error: argument 1 (impossible<bad format char>)
2025-04-24 18:33:14,761 - ERROR - Disk monitoring error: argument 1 (impossible<bad format char>)
2025-04-24 18:33:16,776 - ERROR - Disk monitoring error: argument 1 (impossible<bad format char>)
2025-04-24 18:33:18,790 - ERROR - Disk monitoring error: argument 1 (impossible<bad format char>)
2025-04-24 18:33:20,799 - ERROR - Disk monitoring error: argument 1 (impossible<bad format char>)
2025-04-24 18:33:22,806 - ERROR - Disk monitoring error: argument 1 (impossible<bad format char>)
2025-04-24 18:33:24,822 - ERROR - Disk monitoring error: argument 1 (impossible<bad format char>)
2025-04-24 18:33:26,839 - ERROR - Disk monitoring error: argument 1 (impossible<bad format char>)
2025-04-24 18:33:28,857 - ERROR - Disk monitoring error: argument 1 (impossible<bad format char>)
2025-04-24 18:33:28,931 - ERROR - Unhandled exception in listener callback
Traceback (most recent call last):
  File "E:\KeyLoggerProject\.venv\Lib\site-packages\pynput\_util\win32.py", line 386, in _handler
    converted = self._convert(code, msg, lpdata)
  File "E:\KeyLoggerProject\.venv\Lib\site-packages\pynput\_util\win32.py", line 401, in _convert
    raise NotImplementedError()
NotImplementedError

During handling of the above exception, another exception occurred:

Traceback (most recent call last):
  File "E:\KeyLoggerProject\.venv\Lib\site-packages\pynput\_util\__init__.py", line 228, in inner
    return f(self, *args, **kwargs)
  File "E:\KeyLoggerProject\.venv\Lib\site-packages\pynput\_util\win32.py", line 390, in _handler
    self._handle(code, msg, lpdata)
    ~~~~~~~~~~~~^^^^^^^^^^^^^^^^^^^
TypeError: '_thread._ThreadHandle' object is not callable
2025-04-24 18:33:30,867 - ERROR - Disk monitoring error: argument 1 (impossible<bad format char>)
2025-04-24 18:33:32,879 - ERROR - Disk monitoring error: argument 1 (impossible<bad format char>)
2025-04-24 18:33:34,889 - ERROR - Disk monitoring error: argument 1 (impossible<bad format char>)
2025-04-24 18:33:36,905 - ERROR - Disk monitoring error: argument 1 (impossible<bad format char>)
2025-04-24 18:33:38,911 - ERROR - Disk monitoring error: argument 1 (impossible<bad format char>)
2025-04-24 18:33:40,930 - ERROR - Disk monitoring error: argument 1 (impossible<bad format char>)
2025-04-24 18:33:42,939 - ERROR - Disk monitoring error: argument 1 (impossible<bad format char>)
2025-04-24 18:33:44,951 - ERROR - Disk monitoring error: argument 1 (impossible<bad format char>)
2025-04-24 18:33:46,967 - ERROR - Disk monitoring error: argument 1 (impossible<bad format char>)
2025-04-24 18:33:48,978 - ERROR - Disk monitoring error: argument 1 (impossible<bad format char>)
2025-04-24 18:33:50,987 - ERROR - Disk monitoring error: argument 1 (impossible<bad format char>)
2025-04-24 18:33:53,000 - ERROR - Disk monitoring error: argument 1 (impossible<bad format char>)
2025-04-24 18:33:55,019 - ERROR - Disk monitoring error: argument 1 (impossible<bad format char>)
2025-04-24 18:33:57,030 - ERROR - Disk monitoring error: argument 1 (impossible<bad format char>)
2025-04-24 18:33:59,046 - ERROR - Disk monitoring error: argument 1 (impossible<bad format char>)
2025-04-24 18:34:01,059 - ERROR - Disk monitoring error: argument 1 (impossible<bad format char>)
2025-04-24 18:34:03,068 - ERROR - Disk monitoring error: argument 1 (impossible<bad format char>)
2025-04-24 18:34:05,088 - ERROR - Disk monitoring error: argument 1 (impossible<bad format char>)
2025-04-24 18:34:07,097 - ERROR - Disk monitoring error: argument 1 (impossible<bad format char>)
2025-04-24 18:34:09,105 - ERROR - Disk monitoring error: argument 1 (impossible<bad format char>)
2025-04-24 18:34:11,126 - ERROR - Disk monitoring error: argument 1 (impossible<bad format char>)
2025-04-24 18:34:11,282 - INFO - Screenshot captured: screenshots/screen_20250424_183411.png
2025-04-24 18:34:13,141 - ERROR - Disk monitoring error: argument 1 (impossible<bad format char>)
2025-04-24 18:34:15,152 - ERROR - Disk monitoring error: argument 1 (impossible<bad format char>)
2025-04-24 18:34:17,159 - ERROR - Disk monitoring error: argument 1 (impossible<bad format char>)
2025-04-24 18:34:19,178 - ERROR - Disk monitoring error: argument 1 (impossible<bad format char>)
2025-04-24 18:34:21,185 - ERROR - Disk monitoring error: argument 1 (impossible<bad format char>)
2025-04-24 18:34:23,201 - ERROR - Disk monitoring error: argument 1 (impossible<bad format char>)
2025-04-24 18:34:25,218 - ERROR - Disk monitoring error: argument 1 (impossible<bad format char>)
2025-04-24 18:34:27,237 - ERROR - Disk monitoring error: argument 1 (impossible<bad format char>)
2025-04-24 18:34:29,257 - ERROR - Disk monitoring error: argument 1 (impossible<bad format char>)
2025-04-24 18:34:31,269 - ERROR - Disk monitoring error: argument 1 (impossible<bad format char>)
2025-04-24 18:34:33,279 - ERROR - Disk monitoring error: argument 1 (impossible<bad format char>)
2025-04-24 18:34:35,291 - ERROR - Disk monitoring error: argument 1 (impossible<bad format char>)
2025-04-24 18:34:37,306 - ERROR - Disk monitoring error: argument 1 (impossible<bad format char>)
2025-04-24 18:34:39,326 - ERROR - Disk monitoring error: argument 1 (impossible<bad format char>)
2025-04-24 18:34:41,344 - ERROR - Disk monitoring error: argument 1 (impossible<bad format char>)
2025-04-24 18:34:43,363 - ERROR - Disk monitoring error: argument 1 (impossible<bad format char>)
2025-04-24 18:34:45,401 - ERROR - Disk monitoring error: argument 1 (impossible<bad format char>)
2025-04-24 18:34:47,587 - ERROR - Disk monitoring error: argument 1 (impossible<bad format char>)
2025-04-24 18:34:49,603 - ERROR - Disk monitoring error: argument 1 (impossible<bad format char>)
2025-04-24 18:34:51,617 - ERROR - Disk monitoring error: argument 1 (impossible<bad format char>)
2025-04-24 18:34:53,632 - ERROR - Disk monitoring error: argument 1 (impossible<bad format char>)
2025-04-24 18:34:55,658 - ERROR - Disk monitoring error: argument 1 (impossible<bad format char>)
2025-04-24 18:34:57,677 - ERROR - Disk monitoring error: argument 1 (impossible<bad format char>)
2025-04-24 18:34:59,836 - ERROR - Disk monitoring error: argument 1 (impossible<bad format char>)
2025-04-24 18:35:02,281 - ERROR - Disk monitoring error: argument 1 (impossible<bad format char>)
2025-04-24 18:35:04,302 - ERROR - Disk monitoring error: argument 1 (impossible<bad format char>)
2025-04-24 18:35:06,500 - ERROR - Disk monitoring error: argument 1 (impossible<bad format char>)
2025-04-24 18:35:08,519 - ERROR - Disk monitoring error: argument 1 (impossible<bad format char>)
2025-04-24 18:35:10,539 - ERROR - Disk monitoring error: argument 1 (impossible<bad format char>)
2025-04-24 18:35:10,792 - INFO - Command server stopped
2025-04-24 18:35:22,790 - ERROR - Disk monitoring error: argument 1 (impossible<bad format char>)
2025-04-24 18:35:22,810 - INFO - Command server started on port 8080
2025-04-24 18:35:22,813 - INFO - Mouse listener started
2025-04-24 18:35:22,912 - INFO - Keyboard listener started
2025-04-24 18:35:23,148 - INFO - Screenshot captured: screenshots/screen_20250424_183522.png
2025-04-24 18:35:23,185 - ERROR - FTP upload failed: [Errno 11001] getaddrinfo failed
2025-04-24 18:35:24,812 - ERROR - Disk monitoring error: argument 1 (impossible<bad format char>)
2025-04-24 18:35:26,829 - ERROR - Disk monitoring error: argument 1 (impossible<bad format char>)
2025-04-24 18:35:28,845 - ERROR - Disk monitoring error: argument 1 (impossible<bad format char>)
2025-04-24 18:35:30,852 - ERROR - Disk monitoring error: argument 1 (impossible<bad format char>)
2025-04-24 18:35:32,870 - ERROR - Disk monitoring error: argument 1 (impossible<bad format char>)
2025-04-24 18:35:34,886 - ERROR - Disk monitoring error: argument 1 (impossible<bad format char>)
2025-04-24 18:35:36,900 - ERROR - Disk monitoring error: argument 1 (impossible<bad format char>)
2025-04-24 18:35:38,914 - ERROR - Disk monitoring error: argument 1 (impossible<bad format char>)
2025-04-24 18:35:40,921 - ERROR - Disk monitoring error: argument 1 (impossible<bad format char>)
2025-04-24 18:35:42,936 - ERROR - Disk monitoring error: argument 1 (impossible<bad format char>)
2025-04-24 18:35:44,948 - ERROR - Disk monitoring error: argument 1 (impossible<bad format char>)
2025-04-24 18:35:46,968 - ERROR - Disk monitoring error: argument 1 (impossible<bad format char>)
2025-04-24 18:35:48,975 - ERROR - Disk monitoring error: argument 1 (impossible<bad format char>)
2025-04-24 18:35:50,993 - ERROR - Disk monitoring error: argument 1 (impossible<bad format char>)
2025-04-24 18:35:53,015 - ERROR - Disk monitoring error: argument 1 (impossible<bad format char>)
2025-04-24 18:35:53,634 - ERROR - Unhandled exception in listener callback
Traceback (most recent call last):
  File "E:\KeyLoggerProject\.venv\Lib\site-packages\pynput\_util\win32.py", line 386, in _handler
    converted = self._convert(code, msg, lpdata)
  File "E:\KeyLoggerProject\.venv\Lib\site-packages\pynput\_util\win32.py", line 401, in _convert
    raise NotImplementedError()
NotImplementedError

During handling of the above exception, another exception occurred:

Traceback (most recent call last):
  File "E:\KeyLoggerProject\.venv\Lib\site-packages\pynput\_util\__init__.py", line 228, in inner
    return f(self, *args, **kwargs)
  File "E:\KeyLoggerProject\.venv\Lib\site-packages\pynput\_util\win32.py", line 390, in _handler
    self._handle(code, msg, lpdata)
    ~~~~~~~~~~~~^^^^^^^^^^^^^^^^^^^
TypeError: '_thread._ThreadHandle' object is not callable
2025-04-24 18:35:55,026 - ERROR - Disk monitoring error: argument 1 (impossible<bad format char>)
2025-04-24 18:35:57,043 - ERROR - Disk monitoring error: argument 1 (impossible<bad format char>)
2025-04-24 18:35:59,055 - ERROR - Disk monitoring error: argument 1 (impossible<bad format char>)
2025-04-24 18:36:01,077 - ERROR - Disk monitoring error: argument 1 (impossible<bad format char>)
2025-04-24 18:36:03,092 - ERROR - Disk monitoring error: argument 1 (impossible<bad format char>)
2025-04-24 18:36:05,110 - ERROR - Disk monitoring error: argument 1 (impossible<bad format char>)
2025-04-24 18:36:07,128 - ERROR - Disk monitoring error: argument 1 (impossible<bad format char>)
2025-04-24 18:36:09,138 - ERROR - Disk monitoring error: argument 1 (impossible<bad format char>)
2025-04-24 18:36:11,160 - ERROR - Disk monitoring error: argument 1 (impossible<bad format char>)
2025-04-24 18:36:13,186 - ERROR - Disk monitoring error: argument 1 (impossible<bad format char>)
2025-04-24 18:36:15,203 - ERROR - Disk monitoring error: argument 1 (impossible<bad format char>)
2025-04-24 18:36:17,213 - ERROR - Disk monitoring error: argument 1 (impossible<bad format char>)
2025-04-24 18:36:19,230 - ERROR - Disk monitoring error: argument 1 (impossible<bad format char>)
2025-04-24 18:36:21,240 - ERROR - Disk monitoring error: argument 1 (impossible<bad format char>)
2025-04-24 18:36:23,315 - ERROR - Disk monitoring error: argument 1 (impossible<bad format char>)
2025-04-24 18:36:23,844 - INFO - Screenshot captured: screenshots/screen_20250424_183623.png
2025-04-24 18:36:25,740 - ERROR - Disk monitoring error: argument 1 (impossible<bad format char>)
2025-04-24 18:36:27,781 - ERROR - Disk monitoring error: argument 1 (impossible<bad format char>)
2025-04-24 18:36:29,827 - ERROR - Disk monitoring error: argument 1 (impossible<bad format char>)
2025-04-24 18:36:31,849 - ERROR - Disk monitoring error: argument 1 (impossible<bad format char>)
2025-04-24 18:36:33,952 - ERROR - Disk monitoring error: argument 1 (impossible<bad format char>)
2025-04-24 18:36:35,988 - ERROR - Disk monitoring error: argument 1 (impossible<bad format char>)
2025-04-24 18:36:38,079 - ERROR - Disk monitoring error: argument 1 (impossible<bad format char>)
2025-04-24 18:36:40,105 - ERROR - Disk monitoring error: argument 1 (impossible<bad format char>)
2025-04-24 18:36:42,138 - ERROR - Disk monitoring error: argument 1 (impossible<bad format char>)
2025-04-24 18:36:44,166 - ERROR - Disk monitoring error: argument 1 (impossible<bad format char>)
2025-04-24 18:36:46,179 - ERROR - Disk monitoring error: argument 1 (impossible<bad format char>)
2025-04-24 18:36:48,199 - ERROR - Disk monitoring error: argument 1 (impossible<bad format char>)
2025-04-24 18:36:50,221 - ERROR - Disk monitoring error: argument 1 (impossible<bad format char>)
2025-04-24 18:36:52,233 - ERROR - Disk monitoring error: argument 1 (impossible<bad format char>)
2025-04-24 18:36:54,254 - ERROR - Disk monitoring error: argument 1 (impossible<bad format char>)
2025-04-24 18:36:56,276 - ERROR - Disk monitoring error: argument 1 (impossible<bad format char>)
2025-04-24 18:36:58,297 - ERROR - Disk monitoring error: argument 1 (impossible<bad format char>)
2025-04-24 18:37:00,315 - ERROR - Disk monitoring error: argument 1 (impossible<bad format char>)
2025-04-24 18:37:02,415 - ERROR - Disk monitoring error: argument 1 (impossible<bad format char>)
2025-04-24 18:37:04,746 - ERROR - Disk monitoring error: argument 1 (impossible<bad format char>)
2025-04-24 18:37:06,761 - ERROR - Disk monitoring error: argument 1 (impossible<bad format char>)
2025-04-24 18:37:09,078 - ERROR - Disk monitoring error: argument 1 (impossible<bad format char>)
2025-04-24 18:37:11,088 - ERROR - Disk monitoring error: argument 1 (impossible<bad format char>)
2025-04-24 18:37:13,104 - ERROR - Disk monitoring error: argument 1 (impossible<bad format char>)
2025-04-24 18:37:15,119 - ERROR - Disk monitoring error: argument 1 (impossible<bad format char>)
2025-04-24 18:37:17,134 - ERROR - Disk monitoring error: argument 1 (impossible<bad format char>)
2025-04-24 18:37:19,150 - ERROR - Disk monitoring error: argument 1 (impossible<bad format char>)
2025-04-24 18:37:21,176 - ERROR - Disk monitoring error: argument 1 (impossible<bad format char>)
2025-04-24 18:37:23,199 - ERROR - Disk monitoring error: argument 1 (impossible<bad format char>)
2025-04-24 18:37:24,125 - INFO - Command server stopped
2025-04-24 18:37:24,830 - INFO - Screenshot captured: screenshots/screen_20250424_183723.png
2025-04-24 18:37:50,788 - ERROR - Disk monitoring error: argument 1 (impossible<bad format char>)
2025-04-24 18:37:50,817 - INFO - Command server started on port 8080
2025-04-24 18:37:50,898 - INFO - Mouse listener started
2025-04-24 18:37:50,959 - INFO - Keyboard listener started
2025-04-24 18:37:51,197 - INFO - Screenshot captured: screenshots/screen_20250424_183750.png
2025-04-24 18:37:51,426 - ERROR - FTP upload failed: [Errno 11001] getaddrinfo failed
2025-04-24 18:37:52,802 - ERROR - Disk monitoring error: argument 1 (impossible<bad format char>)
2025-04-24 18:37:54,808 - ERROR - Disk monitoring error: argument 1 (impossible<bad format char>)
2025-04-24 18:37:56,824 - ERROR - Disk monitoring error: argument 1 (impossible<bad format char>)
2025-04-24 18:37:58,830 - ERROR - Disk monitoring error: argument 1 (impossible<bad format char>)
2025-04-24 18:38:00,841 - ERROR - Disk monitoring error: argument 1 (impossible<bad format char>)
2025-04-24 18:38:02,852 - ERROR - Disk monitoring error: argument 1 (impossible<bad format char>)
2025-04-24 18:38:04,870 - ERROR - Disk monitoring error: argument 1 (impossible<bad format char>)
2025-04-24 18:38:06,879 - ERROR - Disk monitoring error: argument 1 (impossible<bad format char>)
2025-04-24 18:38:08,899 - ERROR - Disk monitoring error: argument 1 (impossible<bad format char>)
2025-04-24 18:38:10,919 - ERROR - Disk monitoring error: argument 1 (impossible<bad format char>)
2025-04-24 18:38:12,932 - ERROR - Disk monitoring error: argument 1 (impossible<bad format char>)
2025-04-24 18:38:14,941 - ERROR - Disk monitoring error: argument 1 (impossible<bad format char>)
2025-04-24 18:38:16,953 - ERROR - Disk monitoring error: argument 1 (impossible<bad format char>)
2025-04-24 18:38:17,317 - ERROR - Unhandled exception in listener callback
Traceback (most recent call last):
  File "E:\KeyLoggerProject\.venv\Lib\site-packages\pynput\_util\win32.py", line 386, in _handler
    converted = self._convert(code, msg, lpdata)
  File "E:\KeyLoggerProject\.venv\Lib\site-packages\pynput\_util\win32.py", line 401, in _convert
    raise NotImplementedError()
NotImplementedError

During handling of the above exception, another exception occurred:

Traceback (most recent call last):
  File "E:\KeyLoggerProject\.venv\Lib\site-packages\pynput\_util\__init__.py", line 228, in inner
    return f(self, *args, **kwargs)
  File "E:\KeyLoggerProject\.venv\Lib\site-packages\pynput\_util\win32.py", line 390, in _handler
    self._handle(code, msg, lpdata)
    ~~~~~~~~~~~~^^^^^^^^^^^^^^^^^^^
TypeError: '_thread._ThreadHandle' object is not callable
2025-04-24 18:38:18,966 - ERROR - Disk monitoring error: argument 1 (impossible<bad format char>)
2025-04-24 18:38:20,977 - ERROR - Disk monitoring error: argument 1 (impossible<bad format char>)
2025-04-24 18:38:22,983 - ERROR - Disk monitoring error: argument 1 (impossible<bad format char>)
2025-04-24 18:38:24,992 - ERROR - Disk monitoring error: argument 1 (impossible<bad format char>)
2025-04-24 18:38:27,001 - ERROR - Disk monitoring error: argument 1 (impossible<bad format char>)
2025-04-24 18:38:29,014 - ERROR - Disk monitoring error: argument 1 (impossible<bad format char>)
2025-04-24 18:38:31,030 - ERROR - Disk monitoring error: argument 1 (impossible<bad format char>)
2025-04-24 18:38:33,041 - ERROR - Disk monitoring error: argument 1 (impossible<bad format char>)
2025-04-24 18:38:35,054 - ERROR - Disk monitoring error: argument 1 (impossible<bad format char>)
2025-04-24 18:38:37,069 - ERROR - Disk monitoring error: argument 1 (impossible<bad format char>)
2025-04-24 18:38:39,090 - ERROR - Disk monitoring error: argument 1 (impossible<bad format char>)
2025-04-24 18:38:41,112 - ERROR - Disk monitoring error: argument 1 (impossible<bad format char>)
2025-04-24 18:38:43,127 - ERROR - Disk monitoring error: argument 1 (impossible<bad format char>)
2025-04-24 18:38:45,152 - ERROR - Disk monitoring error: argument 1 (impossible<bad format char>)
2025-04-24 18:38:47,190 - ERROR - Disk monitoring error: argument 1 (impossible<bad format char>)
2025-04-24 18:38:49,210 - ERROR - Disk monitoring error: argument 1 (impossible<bad format char>)
2025-04-24 18:38:51,283 - ERROR - Disk monitoring error: argument 1 (impossible<bad format char>)
2025-04-24 18:38:51,899 - INFO - Screenshot captured: screenshots/screen_20250424_183851.png
2025-04-24 18:38:53,314 - ERROR - Disk monitoring error: argument 1 (impossible<bad format char>)
2025-04-24 18:38:55,340 - ERROR - Disk monitoring error: argument 1 (impossible<bad format char>)
2025-04-24 18:38:57,411 - ERROR - Disk monitoring error: argument 1 (impossible<bad format char>)
2025-04-24 18:38:59,441 - ERROR - Disk monitoring error: argument 1 (impossible<bad format char>)
2025-04-24 18:39:01,469 - ERROR - Disk monitoring error: argument 1 (impossible<bad format char>)
2025-04-24 18:39:03,492 - ERROR - Disk monitoring error: argument 1 (impossible<bad format char>)
2025-04-24 18:39:05,517 - ERROR - Disk monitoring error: argument 1 (impossible<bad format char>)
2025-04-24 18:39:07,544 - ERROR - Disk monitoring error: argument 1 (impossible<bad format char>)
2025-04-24 18:39:09,562 - ERROR - Disk monitoring error: argument 1 (impossible<bad format char>)
2025-04-24 18:39:11,601 - ERROR - Disk monitoring error: argument 1 (impossible<bad format char>)
2025-04-24 18:39:13,669 - ERROR - Disk monitoring error: argument 1 (impossible<bad format char>)
2025-04-24 18:39:15,686 - ERROR - Disk monitoring error: argument 1 (impossible<bad format char>)
2025-04-24 18:39:17,704 - ERROR - Disk monitoring error: argument 1 (impossible<bad format char>)
2025-04-24 18:39:19,722 - ERROR - Disk monitoring error: argument 1 (impossible<bad format char>)
2025-04-24 18:39:21,748 - ERROR - Disk monitoring error: argument 1 (impossible<bad format char>)
2025-04-24 18:39:23,772 - ERROR - Disk monitoring error: argument 1 (impossible<bad format char>)
2025-04-24 18:39:25,816 - ERROR - Disk monitoring error: argument 1 (impossible<bad format char>)
2025-04-24 18:39:27,840 - ERROR - Disk monitoring error: argument 1 (impossible<bad format char>)
2025-04-24 18:39:29,867 - ERROR - Disk monitoring error: argument 1 (impossible<bad format char>)
2025-04-24 18:39:31,888 - ERROR - Disk monitoring error: argument 1 (impossible<bad format char>)
2025-04-24 18:39:33,903 - ERROR - Disk monitoring error: argument 1 (impossible<bad format char>)
2025-04-24 18:39:35,921 - ERROR - Disk monitoring error: argument 1 (impossible<bad format char>)
2025-04-24 18:39:37,935 - ERROR - Disk monitoring error: argument 1 (impossible<bad format char>)
2025-04-24 18:39:39,953 - ERROR - Disk monitoring error: argument 1 (impossible<bad format char>)
2025-04-24 18:39:41,963 - ERROR - Disk monitoring error: argument 1 (impossible<bad format char>)
2025-04-24 18:39:43,982 - ERROR - Disk monitoring error: argument 1 (impossible<bad format char>)
2025-04-24 18:39:46,018 - ERROR - Disk monitoring error: argument 1 (impossible<bad format char>)
2025-04-24 18:39:48,041 - ERROR - Disk monitoring error: argument 1 (impossible<bad format char>)
2025-04-24 18:39:50,065 - ERROR - Disk monitoring error: argument 1 (impossible<bad format char>)
2025-04-24 18:39:52,087 - ERROR - Disk monitoring error: argument 1 (impossible<bad format char>)
2025-04-24 18:39:52,598 - INFO - Screenshot captured: screenshots/screen_20250424_183951.png
2025-04-24 18:39:54,106 - ERROR - Disk monitoring error: argument 1 (impossible<bad format char>)
2025-04-24 18:39:56,206 - ERROR - Disk monitoring error: argument 1 (impossible<bad format char>)
2025-04-24 18:39:58,231 - ERROR - Disk monitoring error: argument 1 (impossible<bad format char>)
2025-04-24 18:40:00,250 - ERROR - Disk monitoring error: argument 1 (impossible<bad format char>)
2025-04-24 18:40:02,266 - ERROR - Disk monitoring error: argument 1 (impossible<bad format char>)
2025-04-24 18:40:04,280 - ERROR - Disk monitoring error: argument 1 (impossible<bad format char>)
2025-04-24 18:40:06,297 - ERROR - Disk monitoring error: argument 1 (impossible<bad format char>)
2025-04-24 18:40:08,316 - ERROR - Disk monitoring error: argument 1 (impossible<bad format char>)
2025-04-24 18:40:10,337 - ERROR - Disk monitoring error: argument 1 (impossible<bad format char>)
2025-04-24 18:40:12,349 - ERROR - Disk monitoring error: argument 1 (impossible<bad format char>)
2025-04-24 18:40:14,363 - ERROR - Disk monitoring error: argument 1 (impossible<bad format char>)
2025-04-24 18:40:16,384 - ERROR - Disk monitoring error: argument 1 (impossible<bad format char>)
2025-04-24 18:40:18,402 - ERROR - Disk monitoring error: argument 1 (impossible<bad format char>)
2025-04-24 18:40:20,426 - ERROR - Disk monitoring error: argument 1 (impossible<bad format char>)
2025-04-24 18:40:22,465 - ERROR - Disk monitoring error: argument 1 (impossible<bad format char>)
2025-04-24 18:40:24,486 - ERROR - Disk monitoring error: argument 1 (impossible<bad format char>)
2025-04-24 18:40:26,499 - ERROR - Disk monitoring error: argument 1 (impossible<bad format char>)
2025-04-24 18:40:28,520 - ERROR - Disk monitoring error: argument 1 (impossible<bad format char>)
2025-04-24 18:40:30,537 - ERROR - Disk monitoring error: argument 1 (impossible<bad format char>)
2025-04-24 18:40:32,584 - ERROR - Disk monitoring error: argument 1 (impossible<bad format char>)
2025-04-24 18:40:34,616 - ERROR - Disk monitoring error: argument 1 (impossible<bad format char>)
2025-04-24 18:40:36,637 - ERROR - Disk monitoring error: argument 1 (impossible<bad format char>)
2025-04-24 18:40:38,666 - ERROR - Disk monitoring error: argument 1 (impossible<bad format char>)
2025-04-24 18:40:40,688 - ERROR - Disk monitoring error: argument 1 (impossible<bad format char>)
2025-04-24 18:40:42,706 - ERROR - Disk monitoring error: argument 1 (impossible<bad format char>)
2025-04-24 18:40:44,729 - ERROR - Disk monitoring error: argument 1 (impossible<bad format char>)
2025-04-24 18:40:46,750 - ERROR - Disk monitoring error: argument 1 (impossible<bad format char>)
2025-04-24 18:40:48,763 - ERROR - Disk monitoring error: argument 1 (impossible<bad format char>)
2025-04-24 18:40:50,786 - ERROR - Disk monitoring error: argument 1 (impossible<bad format char>)
2025-04-24 18:40:52,802 - ERROR - Disk monitoring error: argument 1 (impossible<bad format char>)
2025-04-24 18:40:53,342 - INFO - Screenshot captured: screenshots/screen_20250424_184052.png
2025-04-24 18:40:54,812 - ERROR - Disk monitoring error: argument 1 (impossible<bad format char>)
2025-04-24 18:40:56,829 - ERROR - Disk monitoring error: argument 1 (impossible<bad format char>)
2025-04-24 18:40:58,840 - ERROR - Disk monitoring error: argument 1 (impossible<bad format char>)
2025-04-24 18:41:00,860 - ERROR - Disk monitoring error: argument 1 (impossible<bad format char>)
2025-04-24 18:41:02,877 - ERROR - Disk monitoring error: argument 1 (impossible<bad format char>)
2025-04-24 18:41:04,892 - ERROR - Disk monitoring error: argument 1 (impossible<bad format char>)
2025-04-24 18:41:06,910 - ERROR - Disk monitoring error: argument 1 (impossible<bad format char>)
2025-04-24 18:41:08,925 - ERROR - Disk monitoring error: argument 1 (impossible<bad format char>)
2025-04-24 18:41:10,940 - ERROR - Disk monitoring error: argument 1 (impossible<bad format char>)
2025-04-24 18:41:12,953 - ERROR - Disk monitoring error: argument 1 (impossible<bad format char>)
2025-04-24 18:41:14,971 - ERROR - Disk monitoring error: argument 1 (impossible<bad format char>)
2025-04-24 18:41:16,994 - ERROR - Disk monitoring error: argument 1 (impossible<bad format char>)
2025-04-24 18:41:19,042 - ERROR - Disk monitoring error: argument 1 (impossible<bad format char>)
2025-04-24 18:41:21,074 - ERROR - Disk monitoring error: argument 1 (impossible<bad format char>)
2025-04-24 18:41:23,095 - ERROR - Disk monitoring error: argument 1 (impossible<bad format char>)
2025-04-24 18:41:25,121 - ERROR - Disk monitoring error: argument 1 (impossible<bad format char>)
2025-04-24 18:41:27,146 - ERROR - Disk monitoring error: argument 1 (impossible<bad format char>)
2025-04-24 18:41:29,166 - ERROR - Disk monitoring error: argument 1 (impossible<bad format char>)
2025-04-24 18:41:31,189 - ERROR - Disk monitoring error: argument 1 (impossible<bad format char>)
2025-04-24 18:41:33,221 - ERROR - Disk monitoring error: argument 1 (impossible<bad format char>)
2025-04-24 18:41:35,549 - ERROR - Disk monitoring error: argument 1 (impossible<bad format char>)
2025-04-24 18:41:37,564 - ERROR - Disk monitoring error: argument 1 (impossible<bad format char>)
2025-04-24 18:41:39,587 - ERROR - Disk monitoring error: argument 1 (impossible<bad format char>)
2025-04-24 18:41:41,612 - ERROR - Disk monitoring error: argument 1 (impossible<bad format char>)
2025-04-24 18:41:43,625 - ERROR - Disk monitoring error: argument 1 (impossible<bad format char>)
2025-04-24 18:41:45,635 - ERROR - Disk monitoring error: argument 1 (impossible<bad format char>)
2025-04-24 18:41:47,673 - ERROR - Disk monitoring error: argument 1 (impossible<bad format char>)
2025-04-24 18:41:49,699 - ERROR - Disk monitoring error: argument 1 (impossible<bad format char>)
2025-04-24 18:41:51,718 - ERROR - Disk monitoring error: argument 1 (impossible<bad format char>)
2025-04-24 18:41:53,743 - ERROR - Disk monitoring error: argument 1 (impossible<bad format char>)
2025-04-24 18:41:54,060 - INFO - Screenshot captured: screenshots/screen_20250424_184153.png
2025-04-24 18:41:55,780 - ERROR - Disk monitoring error: argument 1 (impossible<bad format char>)
2025-04-24 18:41:57,805 - ERROR - Disk monitoring error: argument 1 (impossible<bad format char>)
2025-04-24 18:41:59,838 - ERROR - Disk monitoring error: argument 1 (impossible<bad format char>)
2025-04-24 18:42:02,042 - ERROR - Disk monitoring error: argument 1 (impossible<bad format char>)
2025-04-24 18:42:04,075 - ERROR - Disk monitoring error: argument 1 (impossible<bad format char>)
2025-04-24 18:42:06,112 - ERROR - Disk monitoring error: argument 1 (impossible<bad format char>)
2025-04-24 18:42:08,147 - ERROR - Disk monitoring error: argument 1 (impossible<bad format char>)
2025-04-24 18:42:08,538 - ERROR - Keyboard listener error: can only concatenate str (not "NoneType") to str
2025-04-24 18:42:10,226 - ERROR - Disk monitoring error: argument 1 (impossible<bad format char>)
2025-04-24 18:42:12,295 - ERROR - Disk monitoring error: argument 1 (impossible<bad format char>)
2025-04-24 18:42:14,422 - ERROR - Disk monitoring error: argument 1 (impossible<bad format char>)
2025-04-24 18:42:16,521 - ERROR - Disk monitoring error: argument 1 (impossible<bad format char>)
2025-04-24 18:42:18,533 - ERROR - Disk monitoring error: argument 1 (impossible<bad format char>)
2025-04-24 18:42:20,545 - ERROR - Disk monitoring error: argument 1 (impossible<bad format char>)
2025-04-24 18:42:22,559 - ERROR - Disk monitoring error: argument 1 (impossible<bad format char>)
2025-04-24 18:42:24,573 - ERROR - Disk monitoring error: argument 1 (impossible<bad format char>)
2025-04-24 18:42:27,248 - ERROR - Disk monitoring error: argument 1 (impossible<bad format char>)
2025-04-24 18:42:29,325 - ERROR - Disk monitoring error: argument 1 (impossible<bad format char>)
2025-04-24 18:42:31,340 - ERROR - Disk monitoring error: argument 1 (impossible<bad format char>)
2025-04-24 18:42:32,345 - INFO - Shutting down...
2025-04-24 18:42:32,835 - INFO - Command server stopped
2025-04-24 18:42:47,550 - ERROR - Disk monitoring error: argument 1 (impossible<bad format char>)
2025-04-24 18:42:47,568 - INFO - Command server started on port 8080
2025-04-24 18:42:47,570 - INFO - Mouse listener started
2025-04-24 18:42:47,693 - INFO - Keyboard listener started
2025-04-24 18:42:47,987 - INFO - Screenshot captured: screenshots/screen_20250424_184247.png
2025-04-24 18:42:48,042 - ERROR - FTP upload failed: [Errno 11001] getaddrinfo failed
2025-04-24 18:42:49,554 - ERROR - Disk monitoring error: argument 1 (impossible<bad format char>)
2025-04-24 18:42:51,473 - ERROR - Unhandled exception in listener callback
Traceback (most recent call last):
  File "E:\KeyLoggerProject\.venv\Lib\site-packages\pynput\_util\win32.py", line 386, in _handler
    converted = self._convert(code, msg, lpdata)
  File "E:\KeyLoggerProject\.venv\Lib\site-packages\pynput\_util\win32.py", line 401, in _convert
    raise NotImplementedError()
NotImplementedError

During handling of the above exception, another exception occurred:

Traceback (most recent call last):
  File "E:\KeyLoggerProject\.venv\Lib\site-packages\pynput\_util\__init__.py", line 228, in inner
    return f(self, *args, **kwargs)
  File "E:\KeyLoggerProject\.venv\Lib\site-packages\pynput\_util\win32.py", line 390, in _handler
    self._handle(code, msg, lpdata)
    ~~~~~~~~~~~~^^^^^^^^^^^^^^^^^^^
TypeError: '_thread._ThreadHandle' object is not callable
2025-04-24 18:42:51,567 - ERROR - Disk monitoring error: argument 1 (impossible<bad format char>)
2025-04-24 18:42:53,581 - ERROR - Disk monitoring error: argument 1 (impossible<bad format char>)
2025-04-24 18:42:55,715 - ERROR - Disk monitoring error: argument 1 (impossible<bad format char>)
2025-04-24 18:42:57,726 - ERROR - Disk monitoring error: argument 1 (impossible<bad format char>)
2025-04-24 18:42:59,745 - ERROR - Disk monitoring error: argument 1 (impossible<bad format char>)
2025-04-24 18:43:01,779 - ERROR - Disk monitoring error: argument 1 (impossible<bad format char>)
2025-04-24 18:43:03,806 - ERROR - Disk monitoring error: argument 1 (impossible<bad format char>)
2025-04-24 18:43:05,824 - ERROR - Disk monitoring error: argument 1 (impossible<bad format char>)
2025-04-24 18:43:07,837 - ERROR - Disk monitoring error: argument 1 (impossible<bad format char>)
2025-04-24 18:43:09,852 - ERROR - Disk monitoring error: argument 1 (impossible<bad format char>)
2025-04-24 18:43:11,866 - ERROR - Disk monitoring error: argument 1 (impossible<bad format char>)
2025-04-24 18:43:13,885 - ERROR - Disk monitoring error: argument 1 (impossible<bad format char>)
2025-04-24 18:43:15,898 - ERROR - Disk monitoring error: argument 1 (impossible<bad format char>)
2025-04-24 18:43:17,964 - ERROR - Disk monitoring error: argument 1 (impossible<bad format char>)
2025-04-24 18:43:19,985 - ERROR - Disk monitoring error: argument 1 (impossible<bad format char>)
2025-04-24 18:43:22,002 - ERROR - Disk monitoring error: argument 1 (impossible<bad format char>)
2025-04-24 18:43:24,023 - ERROR - Disk monitoring error: argument 1 (impossible<bad format char>)
2025-04-24 18:43:26,047 - ERROR - Disk monitoring error: argument 1 (impossible<bad format char>)
2025-04-24 18:43:28,058 - ERROR - Disk monitoring error: argument 1 (impossible<bad format char>)
2025-04-24 18:43:30,104 - ERROR - Disk monitoring error: argument 1 (impossible<bad format char>)
2025-04-24 18:43:32,125 - ERROR - Disk monitoring error: argument 1 (impossible<bad format char>)
2025-04-24 18:43:34,145 - ERROR - Disk monitoring error: argument 1 (impossible<bad format char>)
2025-04-24 18:43:36,167 - ERROR - Disk monitoring error: argument 1 (impossible<bad format char>)
2025-04-24 18:43:38,185 - ERROR - Disk monitoring error: argument 1 (impossible<bad format char>)
2025-04-24 18:43:40,222 - ERROR - Disk monitoring error: argument 1 (impossible<bad format char>)
2025-04-24 18:43:42,237 - ERROR - Disk monitoring error: argument 1 (impossible<bad format char>)
2025-04-24 18:43:44,248 - ERROR - Disk monitoring error: argument 1 (impossible<bad format char>)
2025-04-24 18:43:46,268 - ERROR - Disk monitoring error: argument 1 (impossible<bad format char>)
2025-04-24 18:43:48,291 - ERROR - Disk monitoring error: argument 1 (impossible<bad format char>)
2025-04-24 18:43:48,720 - INFO - Screenshot captured: screenshots/screen_20250424_184347.png
2025-04-24 18:43:50,317 - ERROR - Disk monitoring error: argument 1 (impossible<bad format char>)
2025-04-24 18:43:52,351 - ERROR - Disk monitoring error: argument 1 (impossible<bad format char>)
2025-04-24 18:43:54,373 - ERROR - Disk monitoring error: argument 1 (impossible<bad format char>)
2025-04-24 18:43:56,391 - ERROR - Disk monitoring error: argument 1 (impossible<bad format char>)
2025-04-24 18:43:58,409 - ERROR - Disk monitoring error: argument 1 (impossible<bad format char>)
2025-04-24 18:44:00,440 - ERROR - Disk monitoring error: argument 1 (impossible<bad format char>)
2025-04-24 18:44:02,468 - ERROR - Disk monitoring error: argument 1 (impossible<bad format char>)
2025-04-24 18:44:04,498 - ERROR - Disk monitoring error: argument 1 (impossible<bad format char>)
2025-04-24 18:44:06,517 - ERROR - Disk monitoring error: argument 1 (impossible<bad format char>)
2025-04-24 18:44:08,539 - ERROR - Disk monitoring error: argument 1 (impossible<bad format char>)
2025-04-24 18:44:10,556 - ERROR - Disk monitoring error: argument 1 (impossible<bad format char>)
2025-04-24 18:44:12,569 - ERROR - Disk monitoring error: argument 1 (impossible<bad format char>)
2025-04-24 18:44:14,651 - ERROR - Disk monitoring error: argument 1 (impossible<bad format char>)
2025-04-24 18:44:16,739 - ERROR - Disk monitoring error: argument 1 (impossible<bad format char>)
2025-04-24 18:44:18,755 - ERROR - Disk monitoring error: argument 1 (impossible<bad format char>)
2025-04-24 18:44:20,773 - ERROR - Disk monitoring error: argument 1 (impossible<bad format char>)
2025-04-24 18:44:22,784 - ERROR - Disk monitoring error: argument 1 (impossible<bad format char>)
2025-04-24 18:44:24,863 - ERROR - Disk monitoring error: argument 1 (impossible<bad format char>)
2025-04-24 18:44:26,905 - ERROR - Disk monitoring error: argument 1 (impossible<bad format char>)
2025-04-24 18:44:28,930 - ERROR - Disk monitoring error: argument 1 (impossible<bad format char>)
2025-04-24 18:44:30,951 - ERROR - Disk monitoring error: argument 1 (impossible<bad format char>)
2025-04-24 18:44:32,979 - ERROR - Disk monitoring error: argument 1 (impossible<bad format char>)
2025-04-24 18:44:35,371 - ERROR - Disk monitoring error: argument 1 (impossible<bad format char>)
2025-04-24 18:44:37,393 - ERROR - Disk monitoring error: argument 1 (impossible<bad format char>)
2025-04-24 18:44:39,411 - ERROR - Disk monitoring error: argument 1 (impossible<bad format char>)
2025-04-24 18:44:41,426 - ERROR - Disk monitoring error: argument 1 (impossible<bad format char>)
2025-04-24 18:44:43,432 - ERROR - Disk monitoring error: argument 1 (impossible<bad format char>)
2025-04-24 18:44:45,437 - ERROR - Disk monitoring error: argument 1 (impossible<bad format char>)
2025-04-24 18:44:47,447 - ERROR - Disk monitoring error: argument 1 (impossible<bad format char>)
2025-04-24 18:44:49,102 - INFO - Screenshot captured: screenshots/screen_20250424_184448.png
2025-04-24 18:44:49,457 - ERROR - Disk monitoring error: argument 1 (impossible<bad format char>)
2025-04-24 18:44:51,473 - ERROR - Disk monitoring error: argument 1 (impossible<bad format char>)
2025-04-24 18:44:52,023 - ERROR - Keyboard listener error: can only concatenate str (not "NoneType") to str
2025-04-24 18:44:53,489 - ERROR - Disk monitoring error: argument 1 (impossible<bad format char>)
2025-04-24 18:44:55,503 - ERROR - Disk monitoring error: argument 1 (impossible<bad format char>)
2025-04-24 18:44:57,523 - ERROR - Disk monitoring error: argument 1 (impossible<bad format char>)
2025-04-24 18:44:59,543 - ERROR - Disk monitoring error: argument 1 (impossible<bad format char>)
2025-04-24 18:45:01,555 - ERROR - Disk monitoring error: argument 1 (impossible<bad format char>)
2025-04-24 18:45:03,573 - ERROR - Disk monitoring error: argument 1 (impossible<bad format char>)
2025-04-24 18:45:05,593 - ERROR - Disk monitoring error: argument 1 (impossible<bad format char>)
2025-04-24 18:45:07,612 - ERROR - Disk monitoring error: argument 1 (impossible<bad format char>)
2025-04-24 18:45:09,631 - ERROR - Disk monitoring error: argument 1 (impossible<bad format char>)
2025-04-24 18:45:11,651 - ERROR - Disk monitoring error: argument 1 (impossible<bad format char>)
2025-04-24 18:45:13,669 - ERROR - Disk monitoring error: argument 1 (impossible<bad format char>)
2025-04-24 18:45:14,673 - INFO - Shutting down...
2025-04-24 18:45:14,800 - INFO - Command server stopped
2025-04-24 18:45:28,838 - ERROR - Disk monitoring error: argument 1 (impossible<bad format char>)
2025-04-24 18:45:28,854 - INFO - Command server started on port 8080
2025-04-24 18:45:28,856 - INFO - Mouse listener started
2025-04-24 18:45:28,895 - ERROR - Unhandled exception in listener callback
Traceback (most recent call last):
  File "E:\KeyLoggerProject\.venv\Lib\site-packages\pynput\_util\win32.py", line 386, in _handler
    converted = self._convert(code, msg, lpdata)
  File "E:\KeyLoggerProject\.venv\Lib\site-packages\pynput\_util\win32.py", line 401, in _convert
    raise NotImplementedError()
NotImplementedError

During handling of the above exception, another exception occurred:

Traceback (most recent call last):
  File "E:\KeyLoggerProject\.venv\Lib\site-packages\pynput\_util\__init__.py", line 228, in inner
    return f(self, *args, **kwargs)
  File "E:\KeyLoggerProject\.venv\Lib\site-packages\pynput\_util\win32.py", line 390, in _handler
    self._handle(code, msg, lpdata)
    ~~~~~~~~~~~~^^^^^^^^^^^^^^^^^^^
TypeError: '_thread._ThreadHandle' object is not callable
2025-04-24 18:45:28,933 - INFO - Keyboard listener started
2025-04-24 18:45:29,166 - INFO - Screenshot captured: screenshots/screen_20250424_184528.png
2025-04-24 18:45:29,194 - ERROR - FTP upload failed: [Errno 11001] getaddrinfo failed
2025-04-24 18:45:31,843 - ERROR - Disk monitoring error: argument 1 (impossible<bad format char>)
2025-04-24 18:45:34,859 - ERROR - Disk monitoring error: argument 1 (impossible<bad format char>)
2025-04-24 18:45:37,870 - ERROR - Disk monitoring error: argument 1 (impossible<bad format char>)
2025-04-24 18:45:40,015 - INFO - Command server stopped
2025-04-24 18:45:47,956 - ERROR - Disk monitoring error: argument 1 (impossible<bad format char>)
2025-04-24 18:45:47,967 - INFO - Command server started on port 8080
2025-04-24 18:45:47,968 - INFO - Mouse listener started
2025-04-24 18:45:48,034 - INFO - Keyboard listener started
2025-04-24 18:45:48,250 - INFO - Screenshot captured: screenshots/screen_20250424_184547.png
2025-04-24 18:45:48,302 - ERROR - FTP upload failed: [Errno 11001] getaddrinfo failed
2025-04-24 18:45:50,966 - ERROR - Disk monitoring error: argument 1 (impossible<bad format char>)
2025-04-24 18:45:51,477 - ERROR - Unhandled exception in listener callback
Traceback (most recent call last):
  File "E:\KeyLoggerProject\.venv\Lib\site-packages\pynput\_util\win32.py", line 386, in _handler
    converted = self._convert(code, msg, lpdata)
  File "E:\KeyLoggerProject\.venv\Lib\site-packages\pynput\_util\win32.py", line 401, in _convert
    raise NotImplementedError()
NotImplementedError

During handling of the above exception, another exception occurred:

Traceback (most recent call last):
  File "E:\KeyLoggerProject\.venv\Lib\site-packages\pynput\_util\__init__.py", line 228, in inner
    return f(self, *args, **kwargs)
  File "E:\KeyLoggerProject\.venv\Lib\site-packages\pynput\_util\win32.py", line 390, in _handler
    self._handle(code, msg, lpdata)
    ~~~~~~~~~~~~^^^^^^^^^^^^^^^^^^^
TypeError: '_thread._ThreadHandle' object is not callable
2025-04-24 18:45:53,978 - ERROR - Disk monitoring error: argument 1 (impossible<bad format char>)
2025-04-24 18:45:56,993 - ERROR - Disk monitoring error: argument 1 (impossible<bad format char>)
2025-04-24 18:46:00,001 - ERROR - Disk monitoring error: argument 1 (impossible<bad format char>)
2025-04-24 18:46:03,313 - ERROR - Disk monitoring error: argument 1 (impossible<bad format char>)
2025-04-24 18:46:06,328 - ERROR - Disk monitoring error: argument 1 (impossible<bad format char>)
2025-04-24 18:46:09,334 - ERROR - Disk monitoring error: argument 1 (impossible<bad format char>)
2025-04-24 18:46:12,347 - ERROR - Disk monitoring error: argument 1 (impossible<bad format char>)
2025-04-24 18:46:15,356 - ERROR - Disk monitoring error: argument 1 (impossible<bad format char>)
2025-04-24 18:46:18,376 - ERROR - Disk monitoring error: argument 1 (impossible<bad format char>)
2025-04-24 18:46:21,390 - ERROR - Disk monitoring error: argument 1 (impossible<bad format char>)
2025-04-24 18:46:24,410 - ERROR - Disk monitoring error: argument 1 (impossible<bad format char>)
2025-04-24 18:46:27,415 - ERROR - Disk monitoring error: argument 1 (impossible<bad format char>)
2025-04-24 18:46:30,428 - ERROR - Disk monitoring error: argument 1 (impossible<bad format char>)
2025-04-24 18:46:33,437 - ERROR - Disk monitoring error: argument 1 (impossible<bad format char>)
2025-04-24 18:46:36,452 - ERROR - Disk monitoring error: argument 1 (impossible<bad format char>)
2025-04-24 18:46:39,464 - ERROR - Disk monitoring error: argument 1 (impossible<bad format char>)
2025-04-24 18:46:41,466 - INFO - Shutting down...
2025-04-24 18:46:41,862 - INFO - Command server stopped
2025-04-24 18:46:55,434 - ERROR - Disk monitoring error: argument 1 (impossible<bad format char>)
2025-04-24 18:46:55,447 - INFO - Command server started on port 8080
2025-04-24 18:46:55,449 - INFO - Mouse listener started
2025-04-24 18:46:55,543 - INFO - Keyboard listener started
2025-04-24 18:46:55,813 - ERROR - FTP upload failed: [Errno 11001] getaddrinfo failed
2025-04-24 18:46:55,841 - INFO - Screenshot captured: screenshots/screen_20250424_184655.png
2025-04-24 18:46:57,653 - ERROR - Unhandled exception in listener callback
Traceback (most recent call last):
  File "E:\KeyLoggerProject\.venv\Lib\site-packages\pynput\_util\win32.py", line 386, in _handler
    converted = self._convert(code, msg, lpdata)
  File "E:\KeyLoggerProject\.venv\Lib\site-packages\pynput\_util\win32.py", line 401, in _convert
    raise NotImplementedError()
NotImplementedError

During handling of the above exception, another exception occurred:

Traceback (most recent call last):
  File "E:\KeyLoggerProject\.venv\Lib\site-packages\pynput\_util\__init__.py", line 228, in inner
    return f(self, *args, **kwargs)
  File "E:\KeyLoggerProject\.venv\Lib\site-packages\pynput\_util\win32.py", line 390, in _handler
    self._handle(code, msg, lpdata)
    ~~~~~~~~~~~~^^^^^^^^^^^^^^^^^^^
TypeError: '_thread._ThreadHandle' object is not callable
2025-04-24 18:46:58,445 - ERROR - Disk monitoring error: argument 1 (impossible<bad format char>)
2025-04-24 18:47:01,452 - ERROR - Disk monitoring error: argument 1 (impossible<bad format char>)
2025-04-24 18:47:05,074 - ERROR - Disk monitoring error: argument 1 (impossible<bad format char>)
2025-04-24 18:47:08,414 - ERROR - Disk monitoring error: argument 1 (impossible<bad format char>)
2025-04-24 18:47:11,439 - ERROR - Disk monitoring error: argument 1 (impossible<bad format char>)
2025-04-24 18:47:14,445 - ERROR - Disk monitoring error: argument 1 (impossible<bad format char>)
2025-04-24 18:47:17,452 - ERROR - Disk monitoring error: argument 1 (impossible<bad format char>)
2025-04-24 18:47:20,479 - ERROR - Disk monitoring error: argument 1 (impossible<bad format char>)
2025-04-24 18:47:23,501 - ERROR - Disk monitoring error: argument 1 (impossible<bad format char>)
2025-04-24 18:47:26,514 - ERROR - Disk monitoring error: argument 1 (impossible<bad format char>)
2025-04-24 18:47:29,529 - ERROR - Disk monitoring error: argument 1 (impossible<bad format char>)
2025-04-24 18:47:32,546 - ERROR - Disk monitoring error: argument 1 (impossible<bad format char>)
2025-04-24 18:47:35,569 - ERROR - Disk monitoring error: argument 1 (impossible<bad format char>)
2025-04-24 18:47:38,590 - ERROR - Disk monitoring error: argument 1 (impossible<bad format char>)
2025-04-24 18:47:41,618 - ERROR - Disk monitoring error: argument 1 (impossible<bad format char>)
2025-04-24 18:47:44,645 - ERROR - Disk monitoring error: argument 1 (impossible<bad format char>)
2025-04-24 18:47:47,670 - ERROR - Disk monitoring error: argument 1 (impossible<bad format char>)
2025-04-24 18:47:50,684 - ERROR - Disk monitoring error: argument 1 (impossible<bad format char>)
2025-04-24 18:47:53,699 - ERROR - Disk monitoring error: argument 1 (impossible<bad format char>)
2025-04-24 18:47:56,235 - INFO - Screenshot captured: screenshots/screen_20250424_184755.png
2025-04-24 18:47:56,717 - ERROR - Disk monitoring error: argument 1 (impossible<bad format char>)
2025-04-24 18:47:59,731 - ERROR - Disk monitoring error: argument 1 (impossible<bad format char>)
2025-04-24 18:48:02,752 - ERROR - Disk monitoring error: argument 1 (impossible<bad format char>)
2025-04-24 18:48:05,763 - ERROR - Disk monitoring error: argument 1 (impossible<bad format char>)
2025-04-24 18:48:08,779 - ERROR - Disk monitoring error: argument 1 (impossible<bad format char>)
2025-04-24 18:48:11,796 - ERROR - Disk monitoring error: argument 1 (impossible<bad format char>)
2025-04-24 18:48:14,814 - ERROR - Disk monitoring error: argument 1 (impossible<bad format char>)
2025-04-24 18:48:17,837 - ERROR - Disk monitoring error: argument 1 (impossible<bad format char>)
2025-04-24 18:48:20,843 - ERROR - Disk monitoring error: argument 1 (impossible<bad format char>)
2025-04-24 18:48:23,861 - ERROR - Disk monitoring error: argument 1 (impossible<bad format char>)
2025-04-24 18:48:26,868 - ERROR - Disk monitoring error: argument 1 (impossible<bad format char>)
2025-04-24 18:48:29,882 - ERROR - Disk monitoring error: argument 1 (impossible<bad format char>)
2025-04-24 18:48:32,891 - ERROR - Disk monitoring error: argument 1 (impossible<bad format char>)
2025-04-24 18:48:35,902 - ERROR - Disk monitoring error: argument 1 (impossible<bad format char>)
2025-04-24 18:48:38,921 - ERROR - Disk monitoring error: argument 1 (impossible<bad format char>)
2025-04-24 18:48:41,934 - ERROR - Disk monitoring error: argument 1 (impossible<bad format char>)
2025-04-24 18:48:44,951 - ERROR - Disk monitoring error: argument 1 (impossible<bad format char>)
2025-04-24 18:48:47,958 - ERROR - Disk monitoring error: argument 1 (impossible<bad format char>)
2025-04-24 18:48:50,972 - ERROR - Disk monitoring error: argument 1 (impossible<bad format char>)
2025-04-24 18:48:53,992 - ERROR - Disk monitoring error: argument 1 (impossible<bad format char>)
2025-04-24 18:48:56,812 - INFO - Screenshot captured: screenshots/screen_20250424_184856.png
2025-04-24 18:48:57,097 - ERROR - Disk monitoring error: argument 1 (impossible<bad format char>)
2025-04-24 18:49:00,107 - ERROR - Disk monitoring error: argument 1 (impossible<bad format char>)
2025-04-24 18:49:03,112 - ERROR - Disk monitoring error: argument 1 (impossible<bad format char>)
2025-04-24 18:49:06,125 - ERROR - Disk monitoring error: argument 1 (impossible<bad format char>)
2025-04-24 18:49:09,147 - ERROR - Disk monitoring error: argument 1 (impossible<bad format char>)
2025-04-24 18:49:12,290 - ERROR - Disk monitoring error: argument 1 (impossible<bad format char>)
2025-04-24 18:49:14,300 - INFO - Shutting down...
2025-04-24 18:49:14,392 - INFO - Command server stopped
2025-04-24 18:49:28,368 - ERROR - Disk monitoring error: argument 1 (impossible<bad format char>)
2025-04-24 18:49:28,383 - INFO - Command server started on port 8080
2025-04-24 18:49:28,431 - INFO - Mouse listener started
2025-04-24 18:49:28,459 - INFO - Keyboard listener started
2025-04-24 18:49:28,704 - INFO - Screenshot captured: screenshots/screen_20250424_184928.png
2025-04-24 18:49:28,712 - ERROR - FTP upload failed: [Errno 11001] getaddrinfo failed
2025-04-24 18:49:31,374 - ERROR - Disk monitoring error: argument 1 (impossible<bad format char>)
2025-04-24 18:49:32,621 - ERROR - Unhandled exception in listener callback
Traceback (most recent call last):
  File "E:\KeyLoggerProject\.venv\Lib\site-packages\pynput\_util\win32.py", line 386, in _handler
    converted = self._convert(code, msg, lpdata)
  File "E:\KeyLoggerProject\.venv\Lib\site-packages\pynput\_util\win32.py", line 401, in _convert
    raise NotImplementedError()
NotImplementedError

During handling of the above exception, another exception occurred:

Traceback (most recent call last):
  File "E:\KeyLoggerProject\.venv\Lib\site-packages\pynput\_util\__init__.py", line 228, in inner
    return f(self, *args, **kwargs)
  File "E:\KeyLoggerProject\.venv\Lib\site-packages\pynput\_util\win32.py", line 390, in _handler
    self._handle(code, msg, lpdata)
    ~~~~~~~~~~~~^^^^^^^^^^^^^^^^^^^
TypeError: '_thread._ThreadHandle' object is not callable
2025-04-24 18:49:34,385 - ERROR - Disk monitoring error: argument 1 (impossible<bad format char>)
2025-04-24 18:49:37,394 - ERROR - Disk monitoring error: argument 1 (impossible<bad format char>)
2025-04-24 18:49:40,403 - ERROR - Disk monitoring error: argument 1 (impossible<bad format char>)
2025-04-24 18:49:43,411 - ERROR - Disk monitoring error: argument 1 (impossible<bad format char>)
2025-04-24 18:49:46,422 - ERROR - Disk monitoring error: argument 1 (impossible<bad format char>)
2025-04-24 18:49:49,431 - ERROR - Disk monitoring error: argument 1 (impossible<bad format char>)
2025-04-24 18:49:52,441 - ERROR - Disk monitoring error: argument 1 (impossible<bad format char>)
2025-04-24 18:49:55,448 - ERROR - Disk monitoring error: argument 1 (impossible<bad format char>)
2025-04-24 18:49:58,455 - ERROR - Disk monitoring error: argument 1 (impossible<bad format char>)
2025-04-24 18:50:01,469 - ERROR - Disk monitoring error: argument 1 (impossible<bad format char>)
2025-04-24 18:50:04,478 - ERROR - Disk monitoring error: argument 1 (impossible<bad format char>)
2025-04-24 18:50:07,488 - ERROR - Disk monitoring error: argument 1 (impossible<bad format char>)
2025-04-24 18:50:10,643 - ERROR - Disk monitoring error: argument 1 (impossible<bad format char>)
2025-04-24 18:50:13,661 - ERROR - Disk monitoring error: argument 1 (impossible<bad format char>)
2025-04-24 18:50:16,695 - ERROR - Disk monitoring error: argument 1 (impossible<bad format char>)
2025-04-24 18:50:19,713 - ERROR - Disk monitoring error: argument 1 (impossible<bad format char>)
2025-04-24 18:50:22,718 - ERROR - Disk monitoring error: argument 1 (impossible<bad format char>)
2025-04-24 18:50:23,137 - INFO - Command server stopped
2025-04-24 18:50:36,213 - ERROR - Disk monitoring error: argument 1 (impossible<bad format char>)
2025-04-24 18:50:36,226 - INFO - Command server started on port 8080
2025-04-24 18:50:36,227 - INFO - Mouse listener started
2025-04-24 18:50:36,289 - INFO - Keyboard listener started
2025-04-24 18:50:36,489 - INFO - Screenshot captured: screenshots/screen_20250424_185036.png
2025-04-24 18:50:36,554 - ERROR - FTP upload failed: [Errno 11001] getaddrinfo failed
2025-04-24 18:50:38,649 - ERROR - Unhandled exception in listener callback
Traceback (most recent call last):
  File "E:\KeyLoggerProject\.venv\Lib\site-packages\pynput\_util\win32.py", line 386, in _handler
    converted = self._convert(code, msg, lpdata)
  File "E:\KeyLoggerProject\.venv\Lib\site-packages\pynput\_util\win32.py", line 401, in _convert
    raise NotImplementedError()
NotImplementedError

During handling of the above exception, another exception occurred:

Traceback (most recent call last):
  File "E:\KeyLoggerProject\.venv\Lib\site-packages\pynput\_util\__init__.py", line 228, in inner
    return f(self, *args, **kwargs)
  File "E:\KeyLoggerProject\.venv\Lib\site-packages\pynput\_util\win32.py", line 390, in _handler
    self._handle(code, msg, lpdata)
    ~~~~~~~~~~~~^^^^^^^^^^^^^^^^^^^
TypeError: '_thread._ThreadHandle' object is not callable
2025-04-24 18:50:39,217 - ERROR - Disk monitoring error: argument 1 (impossible<bad format char>)
2025-04-24 18:50:42,235 - ERROR - Disk monitoring error: argument 1 (impossible<bad format char>)
2025-04-24 18:50:45,240 - ERROR - Disk monitoring error: argument 1 (impossible<bad format char>)
2025-04-24 18:50:48,257 - ERROR - Disk monitoring error: argument 1 (impossible<bad format char>)
2025-04-24 18:50:51,267 - ERROR - Disk monitoring error: argument 1 (impossible<bad format char>)
2025-04-24 18:50:54,286 - ERROR - Disk monitoring error: argument 1 (impossible<bad format char>)
2025-04-24 18:50:55,081 - INFO - Keyboard listener started
2025-04-24 18:50:55,082 - INFO - Mouse listener started
2025-04-24 18:50:55,246 - INFO - Screenshot captured: screenshots/screen_20250424_185055.png
2025-04-24 18:50:58,023 - ERROR - Unhandled exception in listener callback
Traceback (most recent call last):
  File "E:\KeyLoggerProject\.venv\Lib\site-packages\pynput\_util\win32.py", line 386, in _handler
    converted = self._convert(code, msg, lpdata)
  File "E:\KeyLoggerProject\.venv\Lib\site-packages\pynput\_util\win32.py", line 401, in _convert
    raise NotImplementedError()
NotImplementedError

During handling of the above exception, another exception occurred:

Traceback (most recent call last):
  File "E:\KeyLoggerProject\.venv\Lib\site-packages\pynput\_util\__init__.py", line 228, in inner
    return f(self, *args, **kwargs)
  File "E:\KeyLoggerProject\.venv\Lib\site-packages\pynput\_util\win32.py", line 390, in _handler
    self._handle(code, msg, lpdata)
    ~~~~~~~~~~~~^^^^^^^^^^^^^^^^^^^
TypeError: '_thread._ThreadHandle' object is not callable
2025-04-24 18:51:36,832 - INFO - Screenshot captured: screenshots/screen_20250424_185136.png
2025-04-24 18:51:55,715 - INFO - Screenshot captured: screenshots/screen_20250424_185155.png
2025-04-24 18:52:37,272 - INFO - Screenshot captured: screenshots/screen_20250424_185236.png
2025-04-24 18:52:58,932 - ERROR - Disk monitoring error: argument 1 (impossible<bad format char>)
2025-04-24 18:52:58,947 - INFO - Command server started on port 8080
2025-04-24 18:52:58,996 - INFO - Mouse listener started
2025-04-24 18:52:59,020 - INFO - Keyboard listener started
2025-04-24 18:52:59,245 - INFO - Screenshot captured: screenshots/screen_20250424_185258.png
2025-04-24 18:52:59,286 - ERROR - FTP upload failed: [Errno 11001] getaddrinfo failed
2025-04-24 18:52:59,731 - ERROR - Unhandled exception in listener callback
Traceback (most recent call last):
  File "E:\KeyLoggerProject\.venv\Lib\site-packages\pynput\_util\win32.py", line 386, in _handler
    converted = self._convert(code, msg, lpdata)
  File "E:\KeyLoggerProject\.venv\Lib\site-packages\pynput\_util\win32.py", line 401, in _convert
    raise NotImplementedError()
NotImplementedError

During handling of the above exception, another exception occurred:

Traceback (most recent call last):
  File "E:\KeyLoggerProject\.venv\Lib\site-packages\pynput\_util\__init__.py", line 228, in inner
    return f(self, *args, **kwargs)
  File "E:\KeyLoggerProject\.venv\Lib\site-packages\pynput\_util\win32.py", line 390, in _handler
    self._handle(code, msg, lpdata)
    ~~~~~~~~~~~~^^^^^^^^^^^^^^^^^^^
TypeError: '_thread._ThreadHandle' object is not callable
2025-04-24 18:53:01,938 - ERROR - Disk monitoring error: argument 1 (impossible<bad format char>)
2025-04-24 18:53:04,955 - ERROR - Disk monitoring error: argument 1 (impossible<bad format char>)
2025-04-24 18:53:07,970 - ERROR - Disk monitoring error: argument 1 (impossible<bad format char>)
2025-04-24 18:53:10,978 - ERROR - Disk monitoring error: argument 1 (impossible<bad format char>)
2025-04-24 18:53:13,990 - ERROR - Disk monitoring error: argument 1 (impossible<bad format char>)
2025-04-24 18:53:17,010 - ERROR - Disk monitoring error: argument 1 (impossible<bad format char>)
2025-04-24 18:53:20,024 - ERROR - Disk monitoring error: argument 1 (impossible<bad format char>)
2025-04-24 18:53:23,039 - ERROR - Disk monitoring error: argument 1 (impossible<bad format char>)
2025-04-24 18:53:26,045 - ERROR - Disk monitoring error: argument 1 (impossible<bad format char>)
2025-04-24 18:53:29,063 - ERROR - Disk monitoring error: argument 1 (impossible<bad format char>)
2025-04-24 18:53:32,089 - ERROR - Disk monitoring error: argument 1 (impossible<bad format char>)
2025-04-24 18:53:35,396 - ERROR - Disk monitoring error: argument 1 (impossible<bad format char>)
2025-04-24 18:53:38,406 - ERROR - Disk monitoring error: argument 1 (impossible<bad format char>)
2025-04-24 18:53:41,423 - ERROR - Disk monitoring error: argument 1 (impossible<bad format char>)
2025-04-24 18:53:44,438 - ERROR - Disk monitoring error: argument 1 (impossible<bad format char>)
2025-04-24 18:53:47,453 - ERROR - Disk monitoring error: argument 1 (impossible<bad format char>)
2025-04-24 18:53:50,485 - ERROR - Disk monitoring error: argument 1 (impossible<bad format char>)
2025-04-24 18:53:53,507 - ERROR - Disk monitoring error: argument 1 (impossible<bad format char>)
2025-04-24 18:53:56,517 - ERROR - Disk monitoring error: argument 1 (impossible<bad format char>)
2025-04-24 18:53:59,527 - ERROR - Disk monitoring error: argument 1 (impossible<bad format char>)
2025-04-24 18:53:59,727 - INFO - Screenshot captured: screenshots/screen_20250424_185359.png
2025-04-24 18:54:02,537 - ERROR - Disk monitoring error: argument 1 (impossible<bad format char>)
2025-04-24 18:54:05,559 - ERROR - Disk monitoring error: argument 1 (impossible<bad format char>)
2025-04-24 18:54:08,581 - ERROR - Disk monitoring error: argument 1 (impossible<bad format char>)
2025-04-24 18:54:11,770 - ERROR - Disk monitoring error: argument 1 (impossible<bad format char>)
2025-04-24 18:54:14,793 - ERROR - Disk monitoring error: argument 1 (impossible<bad format char>)
2025-04-24 18:54:17,901 - ERROR - Disk monitoring error: argument 1 (impossible<bad format char>)
2025-04-24 18:54:20,913 - ERROR - Disk monitoring error: argument 1 (impossible<bad format char>)
2025-04-24 18:54:23,934 - ERROR - Disk monitoring error: argument 1 (impossible<bad format char>)
2025-04-24 18:54:26,949 - ERROR - Disk monitoring error: argument 1 (impossible<bad format char>)
2025-04-24 18:54:29,968 - ERROR - Disk monitoring error: argument 1 (impossible<bad format char>)
2025-04-24 18:54:33,226 - ERROR - Disk monitoring error: argument 1 (impossible<bad format char>)
2025-04-24 18:54:36,239 - ERROR - Disk monitoring error: argument 1 (impossible<bad format char>)
2025-04-24 18:54:39,250 - ERROR - Disk monitoring error: argument 1 (impossible<bad format char>)
2025-04-24 18:54:42,264 - ERROR - Disk monitoring error: argument 1 (impossible<bad format char>)
2025-04-24 18:54:45,286 - ERROR - Disk monitoring error: argument 1 (impossible<bad format char>)
2025-04-24 18:54:48,305 - ERROR - Disk monitoring error: argument 1 (impossible<bad format char>)
2025-04-24 18:54:51,324 - ERROR - Disk monitoring error: argument 1 (impossible<bad format char>)
2025-04-24 18:54:54,340 - ERROR - Disk monitoring error: argument 1 (impossible<bad format char>)
2025-04-24 18:54:57,357 - ERROR - Disk monitoring error: argument 1 (impossible<bad format char>)
2025-04-24 18:55:00,227 - INFO - Screenshot captured: screenshots/screen_20250424_185459.png
2025-04-24 18:55:00,383 - ERROR - Disk monitoring error: argument 1 (impossible<bad format char>)
2025-04-24 18:55:03,486 - ERROR - Disk monitoring error: argument 1 (impossible<bad format char>)
2025-04-24 18:55:06,499 - ERROR - Disk monitoring error: argument 1 (impossible<bad format char>)
2025-04-24 18:55:09,513 - ERROR - Disk monitoring error: argument 1 (impossible<bad format char>)
2025-04-24 18:55:12,531 - ERROR - Disk monitoring error: argument 1 (impossible<bad format char>)
2025-04-24 18:55:15,556 - ERROR - Disk monitoring error: argument 1 (impossible<bad format char>)
2025-04-24 18:55:17,563 - INFO - Shutting down...
2025-04-24 18:55:17,893 - INFO - Command server stopped
2025-04-24 18:55:32,476 - ERROR - Disk monitoring error: argument 1 (impossible<bad format char>)
2025-04-24 18:55:32,490 - INFO - Command server started on port 8080
2025-04-24 18:55:32,533 - INFO - Mouse listener started
2025-04-24 18:55:32,566 - INFO - Keyboard listener started
2025-04-24 18:55:32,807 - INFO - Screenshot captured: screenshots/screen_20250424_185532.png
2025-04-24 18:55:33,483 - ERROR - Unhandled exception in listener callback
Traceback (most recent call last):
  File "E:\KeyLoggerProject\.venv\Lib\site-packages\pynput\_util\win32.py", line 386, in _handler
    converted = self._convert(code, msg, lpdata)
  File "E:\KeyLoggerProject\.venv\Lib\site-packages\pynput\_util\win32.py", line 401, in _convert
    raise NotImplementedError()
NotImplementedError

During handling of the above exception, another exception occurred:

Traceback (most recent call last):
  File "E:\KeyLoggerProject\.venv\Lib\site-packages\pynput\_util\__init__.py", line 228, in inner
    return f(self, *args, **kwargs)
  File "E:\KeyLoggerProject\.venv\Lib\site-packages\pynput\_util\win32.py", line 390, in _handler
    self._handle(code, msg, lpdata)
    ~~~~~~~~~~~~^^^^^^^^^^^^^^^^^^^
TypeError: '_thread._ThreadHandle' object is not callable
2025-04-24 18:55:35,483 - ERROR - Disk monitoring error: argument 1 (impossible<bad format char>)
2025-04-24 18:55:36,509 - INFO - Keyboard listener started
2025-04-24 18:55:36,510 - INFO - Mouse listener started
2025-04-24 18:55:36,701 - INFO - Screenshot captured: screenshots/screen_20250424_185536.png
2025-04-24 18:55:38,068 - ERROR - Unhandled exception in listener callback
Traceback (most recent call last):
  File "E:\KeyLoggerProject\.venv\Lib\site-packages\pynput\_util\win32.py", line 386, in _handler
    converted = self._convert(code, msg, lpdata)
  File "E:\KeyLoggerProject\.venv\Lib\site-packages\pynput\_util\win32.py", line 401, in _convert
    raise NotImplementedError()
NotImplementedError

During handling of the above exception, another exception occurred:

Traceback (most recent call last):
  File "E:\KeyLoggerProject\.venv\Lib\site-packages\pynput\_util\__init__.py", line 228, in inner
    return f(self, *args, **kwargs)
  File "E:\KeyLoggerProject\.venv\Lib\site-packages\pynput\_util\win32.py", line 390, in _handler
    self._handle(code, msg, lpdata)
    ~~~~~~~~~~~~^^^^^^^^^^^^^^^^^^^
TypeError: '_thread._ThreadHandle' object is not callable
2025-04-24 18:55:43,800 - ERROR - FTP upload failed: [Errno 11001] getaddrinfo failed
2025-04-24 18:57:24,082 - ERROR - Disk monitoring error: argument 1 (impossible<bad format char>)
2025-04-24 18:57:24,100 - INFO - Command server started on port 8080
2025-04-24 18:57:24,103 - INFO - Mouse listener started
2025-04-24 18:57:24,215 - INFO - Keyboard listener started
2025-04-24 18:57:24,438 - INFO - Screenshot captured: screenshots/screen_20250424_185724.png
2025-04-24 18:57:24,787 - ERROR - Unhandled exception in listener callback
Traceback (most recent call last):
  File "E:\KeyLoggerProject\.venv\Lib\site-packages\pynput\_util\win32.py", line 386, in _handler
    converted = self._convert(code, msg, lpdata)
  File "E:\KeyLoggerProject\.venv\Lib\site-packages\pynput\_util\win32.py", line 401, in _convert
    raise NotImplementedError()
NotImplementedError

During handling of the above exception, another exception occurred:

Traceback (most recent call last):
  File "E:\KeyLoggerProject\.venv\Lib\site-packages\pynput\_util\__init__.py", line 228, in inner
    return f(self, *args, **kwargs)
  File "E:\KeyLoggerProject\.venv\Lib\site-packages\pynput\_util\win32.py", line 390, in _handler
    self._handle(code, msg, lpdata)
    ~~~~~~~~~~~~^^^^^^^^^^^^^^^^^^^
TypeError: '_thread._ThreadHandle' object is not callable
2025-04-24 18:57:24,829 - ERROR - FTP upload failed: [Errno 11001] getaddrinfo failed
2025-04-24 18:57:27,094 - ERROR - Disk monitoring error: argument 1 (impossible<bad format char>)
2025-04-24 18:57:30,104 - ERROR - Disk monitoring error: argument 1 (impossible<bad format char>)
2025-04-24 18:57:33,111 - ERROR - Disk monitoring error: argument 1 (impossible<bad format char>)
2025-04-24 18:57:36,129 - ERROR - Disk monitoring error: argument 1 (impossible<bad format char>)
2025-04-24 18:57:39,141 - ERROR - Disk monitoring error: argument 1 (impossible<bad format char>)
2025-04-24 18:57:42,155 - ERROR - Disk monitoring error: argument 1 (impossible<bad format char>)
2025-04-24 18:57:45,164 - ERROR - Disk monitoring error: argument 1 (impossible<bad format char>)
2025-04-24 18:57:48,176 - ERROR - Disk monitoring error: argument 1 (impossible<bad format char>)
2025-04-24 18:57:51,195 - ERROR - Disk monitoring error: argument 1 (impossible<bad format char>)
2025-04-24 18:57:54,207 - ERROR - Disk monitoring error: argument 1 (impossible<bad format char>)
2025-04-24 18:57:57,220 - ERROR - Disk monitoring error: argument 1 (impossible<bad format char>)
2025-04-24 18:58:00,229 - ERROR - Disk monitoring error: argument 1 (impossible<bad format char>)
2025-04-24 18:58:03,243 - ERROR - Disk monitoring error: argument 1 (impossible<bad format char>)
2025-04-24 18:58:06,265 - ERROR - Disk monitoring error: argument 1 (impossible<bad format char>)
2025-04-24 18:58:09,277 - ERROR - Disk monitoring error: argument 1 (impossible<bad format char>)
2025-04-24 18:58:12,302 - ERROR - Disk monitoring error: argument 1 (impossible<bad format char>)
2025-04-24 18:58:15,321 - ERROR - Disk monitoring error: argument 1 (impossible<bad format char>)
2025-04-24 18:58:18,343 - ERROR - Disk monitoring error: argument 1 (impossible<bad format char>)
2025-04-24 18:58:21,365 - ERROR - Disk monitoring error: argument 1 (impossible<bad format char>)
2025-04-24 18:58:24,379 - ERROR - Disk monitoring error: argument 1 (impossible<bad format char>)
2025-04-24 18:58:24,957 - INFO - Screenshot captured: screenshots/screen_20250424_185824.png
2025-04-24 18:58:27,389 - ERROR - Disk monitoring error: argument 1 (impossible<bad format char>)
2025-04-24 18:58:30,403 - ERROR - Disk monitoring error: argument 1 (impossible<bad format char>)
2025-04-24 18:58:33,420 - ERROR - Disk monitoring error: argument 1 (impossible<bad format char>)
2025-04-24 18:58:36,443 - ERROR - Disk monitoring error: argument 1 (impossible<bad format char>)
2025-04-24 18:58:39,454 - ERROR - Disk monitoring error: argument 1 (impossible<bad format char>)
2025-04-24 18:58:42,470 - ERROR - Disk monitoring error: argument 1 (impossible<bad format char>)
2025-04-24 18:58:45,487 - ERROR - Disk monitoring error: argument 1 (impossible<bad format char>)
2025-04-24 18:58:48,504 - ERROR - Disk monitoring error: argument 1 (impossible<bad format char>)
2025-04-24 18:58:51,522 - ERROR - Disk monitoring error: argument 1 (impossible<bad format char>)
2025-04-24 18:58:54,535 - ERROR - Disk monitoring error: argument 1 (impossible<bad format char>)
2025-04-24 18:58:57,544 - ERROR - Disk monitoring error: argument 1 (impossible<bad format char>)
2025-04-24 18:59:00,556 - ERROR - Disk monitoring error: argument 1 (impossible<bad format char>)
2025-04-24 18:59:03,566 - ERROR - Disk monitoring error: argument 1 (impossible<bad format char>)
2025-04-24 18:59:06,584 - ERROR - Disk monitoring error: argument 1 (impossible<bad format char>)
2025-04-24 18:59:09,602 - ERROR - Disk monitoring error: argument 1 (impossible<bad format char>)
2025-04-24 18:59:12,618 - ERROR - Disk monitoring error: argument 1 (impossible<bad format char>)
2025-04-24 18:59:15,633 - ERROR - Disk monitoring error: argument 1 (impossible<bad format char>)
2025-04-24 18:59:18,644 - ERROR - Disk monitoring error: argument 1 (impossible<bad format char>)
2025-04-24 18:59:21,657 - ERROR - Disk monitoring error: argument 1 (impossible<bad format char>)
2025-04-24 18:59:24,668 - ERROR - Disk monitoring error: argument 1 (impossible<bad format char>)
2025-04-24 18:59:25,538 - INFO - Screenshot captured: screenshots/screen_20250424_185924.png
2025-04-24 18:59:27,685 - ERROR - Disk monitoring error: argument 1 (impossible<bad format char>)
2025-04-24 18:59:30,853 - ERROR - Disk monitoring error: argument 1 (impossible<bad format char>)
2025-04-24 18:59:33,875 - ERROR - Disk monitoring error: argument 1 (impossible<bad format char>)
2025-04-24 18:59:36,887 - ERROR - Disk monitoring error: argument 1 (impossible<bad format char>)
2025-04-24 18:59:39,903 - ERROR - Disk monitoring error: argument 1 (impossible<bad format char>)
2025-04-24 18:59:42,916 - ERROR - Disk monitoring error: argument 1 (impossible<bad format char>)
2025-04-24 18:59:45,939 - ERROR - Disk monitoring error: argument 1 (impossible<bad format char>)
2025-04-24 18:59:48,959 - ERROR - Disk monitoring error: argument 1 (impossible<bad format char>)
2025-04-24 18:59:51,974 - ERROR - Disk monitoring error: argument 1 (impossible<bad format char>)
2025-04-24 18:59:54,989 - ERROR - Disk monitoring error: argument 1 (impossible<bad format char>)
2025-04-24 18:59:58,013 - ERROR - Disk monitoring error: argument 1 (impossible<bad format char>)
2025-04-24 19:00:01,030 - ERROR - Disk monitoring error: argument 1 (impossible<bad format char>)
2025-04-24 19:00:04,040 - ERROR - Disk monitoring error: argument 1 (impossible<bad format char>)
2025-04-24 19:00:07,062 - ERROR - Disk monitoring error: argument 1 (impossible<bad format char>)
2025-04-24 19:00:10,083 - ERROR - Disk monitoring error: argument 1 (impossible<bad format char>)
2025-04-24 19:00:13,105 - ERROR - Disk monitoring error: argument 1 (impossible<bad format char>)
2025-04-24 19:00:16,122 - ERROR - Disk monitoring error: argument 1 (impossible<bad format char>)
2025-04-24 19:00:19,142 - ERROR - Disk monitoring error: argument 1 (impossible<bad format char>)
2025-04-24 19:00:22,166 - ERROR - Disk monitoring error: argument 1 (impossible<bad format char>)
2025-04-24 19:00:25,179 - ERROR - Disk monitoring error: argument 1 (impossible<bad format char>)
2025-04-24 19:00:26,076 - INFO - Screenshot captured: screenshots/screen_20250424_190025.png
2025-04-24 19:00:28,189 - ERROR - Disk monitoring error: argument 1 (impossible<bad format char>)
2025-04-24 19:00:31,263 - ERROR - Disk monitoring error: argument 1 (impossible<bad format char>)
2025-04-24 19:00:34,278 - ERROR - Disk monitoring error: argument 1 (impossible<bad format char>)
2025-04-24 19:00:37,295 - ERROR - Disk monitoring error: argument 1 (impossible<bad format char>)
2025-04-24 19:00:40,305 - ERROR - Disk monitoring error: argument 1 (impossible<bad format char>)
2025-04-24 19:00:43,316 - ERROR - Disk monitoring error: argument 1 (impossible<bad format char>)
2025-04-24 19:00:46,331 - ERROR - Disk monitoring error: argument 1 (impossible<bad format char>)
2025-04-24 19:00:49,353 - ERROR - Disk monitoring error: argument 1 (impossible<bad format char>)
2025-04-24 19:00:52,364 - ERROR - Disk monitoring error: argument 1 (impossible<bad format char>)
2025-04-24 19:00:55,383 - ERROR - Disk monitoring error: argument 1 (impossible<bad format char>)
2025-04-24 19:00:58,403 - ERROR - Disk monitoring error: argument 1 (impossible<bad format char>)
2025-04-24 19:01:01,415 - ERROR - Disk monitoring error: argument 1 (impossible<bad format char>)
2025-04-24 19:01:04,433 - ERROR - Disk monitoring error: argument 1 (impossible<bad format char>)
2025-04-24 19:01:07,451 - ERROR - Disk monitoring error: argument 1 (impossible<bad format char>)
2025-04-24 19:01:10,492 - ERROR - Disk monitoring error: argument 1 (impossible<bad format char>)
2025-04-24 19:01:13,504 - ERROR - Disk monitoring error: argument 1 (impossible<bad format char>)
2025-04-24 19:01:16,520 - ERROR - Disk monitoring error: argument 1 (impossible<bad format char>)
2025-04-24 19:01:19,545 - ERROR - Disk monitoring error: argument 1 (impossible<bad format char>)
2025-04-24 19:01:22,844 - ERROR - Disk monitoring error: argument 1 (impossible<bad format char>)
2025-04-24 19:01:25,851 - ERROR - Disk monitoring error: argument 1 (impossible<bad format char>)
2025-04-24 19:01:26,376 - INFO - Screenshot captured: screenshots/screen_20250424_190126.png
2025-04-24 19:01:28,861 - ERROR - Disk monitoring error: argument 1 (impossible<bad format char>)
2025-04-24 19:01:31,878 - ERROR - Disk monitoring error: argument 1 (impossible<bad format char>)
2025-04-24 19:01:34,892 - ERROR - Disk monitoring error: argument 1 (impossible<bad format char>)
2025-04-24 19:01:37,917 - ERROR - Disk monitoring error: argument 1 (impossible<bad format char>)
2025-04-24 19:01:40,934 - ERROR - Disk monitoring error: argument 1 (impossible<bad format char>)
2025-04-24 19:01:43,950 - ERROR - Disk monitoring error: argument 1 (impossible<bad format char>)
2025-04-24 19:01:46,969 - ERROR - Disk monitoring error: argument 1 (impossible<bad format char>)
2025-04-24 19:01:49,990 - ERROR - Disk monitoring error: argument 1 (impossible<bad format char>)
2025-04-24 19:01:53,005 - ERROR - Disk monitoring error: argument 1 (impossible<bad format char>)
2025-04-24 19:01:56,014 - ERROR - Disk monitoring error: argument 1 (impossible<bad format char>)
2025-04-24 19:01:59,026 - ERROR - Disk monitoring error: argument 1 (impossible<bad format char>)
2025-04-24 19:02:02,041 - ERROR - Disk monitoring error: argument 1 (impossible<bad format char>)
2025-04-24 19:02:05,047 - ERROR - Disk monitoring error: argument 1 (impossible<bad format char>)
2025-04-24 19:02:08,066 - ERROR - Disk monitoring error: argument 1 (impossible<bad format char>)
2025-04-24 19:02:11,088 - ERROR - Disk monitoring error: argument 1 (impossible<bad format char>)
2025-04-24 19:02:14,104 - ERROR - Disk monitoring error: argument 1 (impossible<bad format char>)
2025-04-24 19:02:17,132 - ERROR - Disk monitoring error: argument 1 (impossible<bad format char>)
2025-04-24 19:02:20,150 - ERROR - Disk monitoring error: argument 1 (impossible<bad format char>)
2025-04-24 19:02:23,171 - ERROR - Disk monitoring error: argument 1 (impossible<bad format char>)
2025-04-24 19:02:24,839 - ERROR - FTP upload failed: [Errno 11001] getaddrinfo failed
2025-04-24 19:02:26,496 - ERROR - Disk monitoring error: argument 1 (impossible<bad format char>)
2025-04-24 19:02:26,808 - INFO - Screenshot captured: screenshots/screen_20250424_190226.png
2025-04-24 19:02:29,508 - ERROR - Disk monitoring error: argument 1 (impossible<bad format char>)
2025-04-24 19:02:32,517 - ERROR - Disk monitoring error: argument 1 (impossible<bad format char>)
2025-04-24 19:02:35,534 - ERROR - Disk monitoring error: argument 1 (impossible<bad format char>)
2025-04-24 19:02:38,540 - ERROR - Disk monitoring error: argument 1 (impossible<bad format char>)
2025-04-24 19:02:41,559 - ERROR - Disk monitoring error: argument 1 (impossible<bad format char>)
2025-04-24 19:02:44,694 - ERROR - Disk monitoring error: argument 1 (impossible<bad format char>)
2025-04-24 19:02:47,716 - ERROR - Disk monitoring error: argument 1 (impossible<bad format char>)
2025-04-24 19:02:50,736 - ERROR - Disk monitoring error: argument 1 (impossible<bad format char>)
2025-04-24 19:02:53,757 - ERROR - Disk monitoring error: argument 1 (impossible<bad format char>)
2025-04-24 19:02:56,765 - ERROR - Disk monitoring error: argument 1 (impossible<bad format char>)
2025-04-24 19:02:59,778 - ERROR - Disk monitoring error: argument 1 (impossible<bad format char>)
2025-04-24 19:03:02,786 - ERROR - Disk monitoring error: argument 1 (impossible<bad format char>)
2025-04-24 19:03:05,808 - ERROR - Disk monitoring error: argument 1 (impossible<bad format char>)
2025-04-24 19:03:08,813 - ERROR - Disk monitoring error: argument 1 (impossible<bad format char>)
2025-04-24 19:03:11,827 - ERROR - Disk monitoring error: argument 1 (impossible<bad format char>)
2025-04-24 19:03:14,844 - ERROR - Disk monitoring error: argument 1 (impossible<bad format char>)
2025-04-24 19:03:17,859 - ERROR - Disk monitoring error: argument 1 (impossible<bad format char>)
2025-04-24 19:03:20,884 - ERROR - Disk monitoring error: argument 1 (impossible<bad format char>)
2025-04-24 19:03:23,925 - ERROR - Disk monitoring error: argument 1 (impossible<bad format char>)
2025-04-24 19:03:24,347 - ERROR - Keyboard listener error: can only concatenate str (not "NoneType") to str
2025-04-24 19:03:27,021 - ERROR - Disk monitoring error: argument 1 (impossible<bad format char>)
2025-04-24 19:03:27,589 - INFO - Screenshot captured: screenshots/screen_20250424_190326.png
2025-04-24 19:03:30,789 - ERROR - Disk monitoring error: argument 1 (impossible<bad format char>)
2025-04-24 19:03:33,958 - ERROR - Disk monitoring error: argument 1 (impossible<bad format char>)
2025-04-24 19:03:37,022 - ERROR - Disk monitoring error: argument 1 (impossible<bad format char>)
2025-04-24 19:03:40,046 - ERROR - Disk monitoring error: argument 1 (impossible<bad format char>)
2025-04-24 19:03:43,058 - ERROR - Disk monitoring error: argument 1 (impossible<bad format char>)
2025-04-24 19:03:46,073 - ERROR - Disk monitoring error: argument 1 (impossible<bad format char>)
2025-04-24 19:03:49,089 - ERROR - Disk monitoring error: argument 1 (impossible<bad format char>)
2025-04-24 19:03:51,096 - INFO - Shutting down...
2025-04-24 19:03:51,304 - INFO - Command server stopped
2025-04-24 19:04:04,602 - ERROR - Disk monitoring error: argument 1 (impossible<bad format char>)
2025-04-24 19:04:05,491 - INFO - Command server started on port 8080
2025-04-24 19:04:05,492 - INFO - Mouse listener started
2025-04-24 19:04:05,557 - INFO - Keyboard listener started
2025-04-24 19:04:05,726 - INFO - Screenshot captured: screenshots/screen_20250424_190405.png
2025-04-24 19:04:05,801 - ERROR - FTP upload failed: [Errno 11001] getaddrinfo failed
2025-04-24 19:04:07,610 - ERROR - Disk monitoring error: argument 1 (impossible<bad format char>)
2025-04-24 19:04:10,171 - ERROR - Unhandled exception in listener callback
Traceback (most recent call last):
  File "E:\KeyLoggerProject\.venv\Lib\site-packages\pynput\_util\win32.py", line 386, in _handler
    converted = self._convert(code, msg, lpdata)
  File "E:\KeyLoggerProject\.venv\Lib\site-packages\pynput\_util\win32.py", line 401, in _convert
    raise NotImplementedError()
NotImplementedError

During handling of the above exception, another exception occurred:

Traceback (most recent call last):
  File "E:\KeyLoggerProject\.venv\Lib\site-packages\pynput\_util\__init__.py", line 228, in inner
    return f(self, *args, **kwargs)
  File "E:\KeyLoggerProject\.venv\Lib\site-packages\pynput\_util\win32.py", line 390, in _handler
    self._handle(code, msg, lpdata)
    ~~~~~~~~~~~~^^^^^^^^^^^^^^^^^^^
TypeError: '_thread._ThreadHandle' object is not callable
2025-04-24 19:04:10,627 - ERROR - Disk monitoring error: argument 1 (impossible<bad format char>)
2025-04-24 19:04:13,639 - ERROR - Disk monitoring error: argument 1 (impossible<bad format char>)
2025-04-24 19:04:16,658 - ERROR - Disk monitoring error: argument 1 (impossible<bad format char>)
2025-04-24 19:04:19,666 - ERROR - Disk monitoring error: argument 1 (impossible<bad format char>)
2025-04-24 19:04:22,673 - ERROR - Disk monitoring error: argument 1 (impossible<bad format char>)
2025-04-24 19:04:25,679 - ERROR - Disk monitoring error: argument 1 (impossible<bad format char>)
2025-04-24 19:04:28,690 - ERROR - Disk monitoring error: argument 1 (impossible<bad format char>)
2025-04-24 19:04:31,696 - ERROR - Disk monitoring error: argument 1 (impossible<bad format char>)
2025-04-24 19:04:34,709 - ERROR - Disk monitoring error: argument 1 (impossible<bad format char>)
2025-04-24 19:04:37,714 - ERROR - Disk monitoring error: argument 1 (impossible<bad format char>)
2025-04-24 19:04:40,733 - ERROR - Disk monitoring error: argument 1 (impossible<bad format char>)
2025-04-24 19:04:43,745 - ERROR - Disk monitoring error: argument 1 (impossible<bad format char>)
2025-04-24 19:04:46,755 - ERROR - Disk monitoring error: argument 1 (impossible<bad format char>)
2025-04-24 19:04:49,759 - ERROR - Disk monitoring error: argument 1 (impossible<bad format char>)
2025-04-24 19:04:52,768 - ERROR - Disk monitoring error: argument 1 (impossible<bad format char>)
2025-04-24 19:04:55,775 - ERROR - Disk monitoring error: argument 1 (impossible<bad format char>)
2025-04-24 19:04:58,785 - ERROR - Disk monitoring error: argument 1 (impossible<bad format char>)
2025-04-24 19:05:01,793 - ERROR - Disk monitoring error: argument 1 (impossible<bad format char>)
2025-04-24 19:05:04,804 - ERROR - Disk monitoring error: argument 1 (impossible<bad format char>)
2025-04-24 19:05:05,872 - INFO - Screenshot captured: screenshots/screen_20250424_190505.png
2025-04-24 19:05:07,811 - ERROR - Disk monitoring error: argument 1 (impossible<bad format char>)
2025-04-24 19:05:10,819 - ERROR - Disk monitoring error: argument 1 (impossible<bad format char>)
2025-04-24 19:05:13,826 - ERROR - Disk monitoring error: argument 1 (impossible<bad format char>)
2025-04-24 19:05:16,831 - ERROR - Disk monitoring error: argument 1 (impossible<bad format char>)
2025-04-24 19:05:19,845 - ERROR - Disk monitoring error: argument 1 (impossible<bad format char>)
2025-04-24 19:05:22,867 - ERROR - Disk monitoring error: argument 1 (impossible<bad format char>)
2025-04-24 19:05:25,889 - ERROR - Disk monitoring error: argument 1 (impossible<bad format char>)
2025-04-24 19:05:28,903 - ERROR - Disk monitoring error: argument 1 (impossible<bad format char>)
2025-04-24 19:05:31,910 - ERROR - Disk monitoring error: argument 1 (impossible<bad format char>)
2025-04-24 19:05:34,919 - ERROR - Disk monitoring error: argument 1 (impossible<bad format char>)
2025-04-24 19:05:37,936 - ERROR - Disk monitoring error: argument 1 (impossible<bad format char>)
2025-04-24 19:05:40,957 - ERROR - Disk monitoring error: argument 1 (impossible<bad format char>)
2025-04-24 19:05:43,981 - ERROR - Disk monitoring error: argument 1 (impossible<bad format char>)
2025-04-24 19:05:46,999 - ERROR - Disk monitoring error: argument 1 (impossible<bad format char>)
2025-04-24 19:05:50,011 - ERROR - Disk monitoring error: argument 1 (impossible<bad format char>)
2025-04-24 19:05:53,026 - ERROR - Disk monitoring error: argument 1 (impossible<bad format char>)
2025-04-24 19:05:56,035 - ERROR - Disk monitoring error: argument 1 (impossible<bad format char>)
2025-04-24 19:05:59,049 - ERROR - Disk monitoring error: argument 1 (impossible<bad format char>)
2025-04-24 19:06:02,063 - ERROR - Disk monitoring error: argument 1 (impossible<bad format char>)
2025-04-24 19:06:05,071 - ERROR - Disk monitoring error: argument 1 (impossible<bad format char>)
2025-04-24 19:06:06,135 - INFO - Screenshot captured: screenshots/screen_20250424_190605.png
2025-04-24 19:06:08,078 - ERROR - Disk monitoring error: argument 1 (impossible<bad format char>)
2025-04-24 19:06:11,084 - ERROR - Disk monitoring error: argument 1 (impossible<bad format char>)
2025-04-24 19:06:14,089 - ERROR - Disk monitoring error: argument 1 (impossible<bad format char>)
2025-04-24 19:06:17,108 - ERROR - Disk monitoring error: argument 1 (impossible<bad format char>)
2025-04-24 19:06:20,114 - ERROR - Disk monitoring error: argument 1 (impossible<bad format char>)
2025-04-24 19:06:23,118 - ERROR - Disk monitoring error: argument 1 (impossible<bad format char>)
2025-04-24 19:06:26,129 - ERROR - Disk monitoring error: argument 1 (impossible<bad format char>)
2025-04-24 19:06:29,144 - ERROR - Disk monitoring error: argument 1 (impossible<bad format char>)
2025-04-24 19:06:32,165 - ERROR - Disk monitoring error: argument 1 (impossible<bad format char>)
2025-04-24 19:06:35,176 - ERROR - Disk monitoring error: argument 1 (impossible<bad format char>)
2025-04-24 19:06:38,191 - ERROR - Disk monitoring error: argument 1 (impossible<bad format char>)
2025-04-24 19:06:41,198 - ERROR - Disk monitoring error: argument 1 (impossible<bad format char>)
2025-04-24 19:06:44,206 - ERROR - Disk monitoring error: argument 1 (impossible<bad format char>)
2025-04-24 19:06:47,218 - ERROR - Disk monitoring error: argument 1 (impossible<bad format char>)
2025-04-24 19:06:50,229 - ERROR - Disk monitoring error: argument 1 (impossible<bad format char>)
2025-04-24 19:06:53,246 - ERROR - Disk monitoring error: argument 1 (impossible<bad format char>)
2025-04-24 19:06:56,253 - ERROR - Disk monitoring error: argument 1 (impossible<bad format char>)
2025-04-24 19:06:59,263 - ERROR - Disk monitoring error: argument 1 (impossible<bad format char>)
2025-04-24 19:07:02,282 - ERROR - Disk monitoring error: argument 1 (impossible<bad format char>)
2025-04-24 19:07:05,302 - ERROR - Disk monitoring error: argument 1 (impossible<bad format char>)
2025-04-24 19:07:06,314 - INFO - Screenshot captured: screenshots/screen_20250424_190706.png
2025-04-24 19:07:08,314 - ERROR - Disk monitoring error: argument 1 (impossible<bad format char>)
2025-04-24 19:07:11,326 - ERROR - Disk monitoring error: argument 1 (impossible<bad format char>)
2025-04-24 19:07:14,333 - ERROR - Disk monitoring error: argument 1 (impossible<bad format char>)
2025-04-24 19:07:17,352 - ERROR - Disk monitoring error: argument 1 (impossible<bad format char>)
2025-04-24 19:07:20,368 - ERROR - Disk monitoring error: argument 1 (impossible<bad format char>)
2025-04-24 19:07:23,387 - ERROR - Disk monitoring error: argument 1 (impossible<bad format char>)
2025-04-24 19:07:26,404 - ERROR - Disk monitoring error: argument 1 (impossible<bad format char>)
2025-04-24 19:07:29,427 - ERROR - Disk monitoring error: argument 1 (impossible<bad format char>)
2025-04-24 19:07:32,439 - ERROR - Disk monitoring error: argument 1 (impossible<bad format char>)
2025-04-24 19:07:35,448 - ERROR - Disk monitoring error: argument 1 (impossible<bad format char>)
2025-04-24 19:08:06,538 - INFO - Screenshot captured: screenshots/screen_20250424_190806.png
2025-04-24 19:09:06,089 - ERROR - FTP upload failed: [Errno 11001] getaddrinfo failed
2025-04-24 19:09:07,197 - INFO - Screenshot captured: screenshots/screen_20250424_190906.png
2025-04-24 19:10:07,434 - INFO - Screenshot captured: screenshots/screen_20250424_191007.png
2025-04-24 19:11:07,669 - INFO - Screenshot captured: screenshots/screen_20250424_191107.png
2025-04-24 19:12:07,895 - INFO - Screenshot captured: screenshots/screen_20250424_191207.png
2025-04-24 19:13:08,130 - INFO - Screenshot captured: screenshots/screen_20250424_191307.png
2025-04-24 19:14:06,108 - ERROR - FTP upload failed: [Errno 11001] getaddrinfo failed
2025-04-24 19:14:08,389 - INFO - Screenshot captured: screenshots/screen_20250424_191408.png
2025-04-24 19:15:08,658 - INFO - Screenshot captured: screenshots/screen_20250424_191508.png
2025-04-24 19:16:09,072 - INFO - Screenshot captured: screenshots/screen_20250424_191608.png
2025-04-24 19:17:09,538 - INFO - Screenshot captured: screenshots/screen_20250424_191709.png
2025-04-24 19:18:09,747 - INFO - Screenshot captured: screenshots/screen_20250424_191809.png
2025-04-24 19:18:37,968 - ERROR - Disk monitoring error: argument 1 (impossible<bad format char>)
2025-04-24 19:18:38,897 - INFO - Command server started on port 8080
2025-04-24 19:18:38,899 - INFO - Mouse listener started
2025-04-24 19:18:38,951 - ERROR - FTP upload failed: [Errno 11001] getaddrinfo failed
2025-04-24 19:18:38,974 - INFO - Keyboard listener started
2025-04-24 19:18:39,168 - INFO - Screenshot captured: screenshots/screen_20250424_191838.png
2025-04-24 19:18:40,986 - ERROR - Disk monitoring error: argument 1 (impossible<bad format char>)
2025-04-24 19:18:43,992 - ERROR - Disk monitoring error: argument 1 (impossible<bad format char>)
2025-04-24 19:18:47,007 - ERROR - Disk monitoring error: argument 1 (impossible<bad format char>)
2025-04-24 19:18:47,351 - ERROR - Unhandled exception in listener callback
Traceback (most recent call last):
  File "E:\KeyLoggerProject\.venv\Lib\site-packages\pynput\_util\win32.py", line 386, in _handler
    converted = self._convert(code, msg, lpdata)
  File "E:\KeyLoggerProject\.venv\Lib\site-packages\pynput\_util\win32.py", line 401, in _convert
    raise NotImplementedError()
NotImplementedError

During handling of the above exception, another exception occurred:

Traceback (most recent call last):
  File "E:\KeyLoggerProject\.venv\Lib\site-packages\pynput\_util\__init__.py", line 228, in inner
    return f(self, *args, **kwargs)
  File "E:\KeyLoggerProject\.venv\Lib\site-packages\pynput\_util\win32.py", line 390, in _handler
    self._handle(code, msg, lpdata)
    ~~~~~~~~~~~~^^^^^^^^^^^^^^^^^^^
TypeError: '_thread._ThreadHandle' object is not callable
2025-04-24 19:18:50,017 - ERROR - Disk monitoring error: argument 1 (impossible<bad format char>)
2025-04-24 19:18:53,027 - ERROR - Disk monitoring error: argument 1 (impossible<bad format char>)
2025-04-24 19:18:56,041 - ERROR - Disk monitoring error: argument 1 (impossible<bad format char>)
2025-04-24 19:18:57,610 - INFO - Keyboard listener started
2025-04-24 19:18:57,611 - INFO - Mouse listener started
2025-04-24 19:18:57,802 - INFO - Screenshot captured: screenshots/screen_20250424_191857.png
2025-04-24 19:19:03,459 - ERROR - Unhandled exception in listener callback
Traceback (most recent call last):
  File "E:\KeyLoggerProject\.venv\Lib\site-packages\pynput\_util\win32.py", line 386, in _handler
    converted = self._convert(code, msg, lpdata)
  File "E:\KeyLoggerProject\.venv\Lib\site-packages\pynput\_util\win32.py", line 401, in _convert
    raise NotImplementedError()
NotImplementedError

During handling of the above exception, another exception occurred:

Traceback (most recent call last):
  File "E:\KeyLoggerProject\.venv\Lib\site-packages\pynput\_util\__init__.py", line 228, in inner
    return f(self, *args, **kwargs)
  File "E:\KeyLoggerProject\.venv\Lib\site-packages\pynput\_util\win32.py", line 390, in _handler
    self._handle(code, msg, lpdata)
    ~~~~~~~~~~~~^^^^^^^^^^^^^^^^^^^
TypeError: '_thread._ThreadHandle' object is not callable
2025-04-24 19:19:06,116 - ERROR - FTP upload failed: [Errno 11001] getaddrinfo failed
2025-04-24 19:19:09,982 - INFO - Screenshot captured: screenshots/screen_20250424_191909.png
2025-04-24 19:19:39,458 - INFO - Screenshot captured: screenshots/screen_20250424_191939.png
2025-04-24 19:19:58,022 - INFO - Screenshot captured: screenshots/screen_20250424_191957.png
2025-04-24 19:20:10,254 - INFO - Screenshot captured: screenshots/screen_20250424_192009.png
2025-04-24 19:20:39,648 - INFO - Screenshot captured: screenshots/screen_20250424_192039.png
2025-04-24 19:20:58,219 - INFO - Screenshot captured: screenshots/screen_20250424_192058.png
2025-04-24 19:21:10,556 - INFO - Screenshot captured: screenshots/screen_20250424_192110.png
2025-04-24 19:21:39,969 - INFO - Screenshot captured: screenshots/screen_20250424_192139.png
2025-04-24 19:21:58,499 - INFO - Screenshot captured: screenshots/screen_20250424_192158.png
2025-04-24 19:22:10,765 - INFO - Screenshot captured: screenshots/screen_20250424_192210.png
2025-04-24 19:22:40,267 - INFO - Screenshot captured: screenshots/screen_20250424_192239.png
2025-04-24 19:22:42,284 - ERROR - Disk monitoring error: argument 1 (impossible<bad format char>)
2025-04-24 19:22:45,303 - ERROR - Disk monitoring error: argument 1 (impossible<bad format char>)
2025-04-24 19:22:48,309 - ERROR - Disk monitoring error: argument 1 (impossible<bad format char>)
2025-04-24 19:22:51,320 - ERROR - Disk monitoring error: argument 1 (impossible<bad format char>)
2025-04-24 19:23:11,021 - INFO - Screenshot captured: screenshots/screen_20250424_192310.png
2025-04-24 19:23:12,432 - INFO - Command server stopped
2025-04-25 00:40:22,815 - ERROR - Disk monitoring error: argument 1 (impossible<bad format char>)
2025-04-25 00:40:23,742 - INFO - Command server started on port 8080
2025-04-25 00:40:23,747 - INFO - Mouse listener started
2025-04-25 00:40:23,955 - INFO - Keyboard listener started
2025-04-25 00:40:24,199 - ERROR - FTP upload failed: [Errno 11001] getaddrinfo failed
2025-04-25 00:40:24,311 - INFO - Screenshot captured: screenshots/screen_20250425_004023.png
2025-04-25 00:40:25,835 - ERROR - Disk monitoring error: argument 1 (impossible<bad format char>)
2025-04-25 00:40:28,843 - ERROR - Disk monitoring error: argument 1 (impossible<bad format char>)
2025-04-25 00:40:31,863 - ERROR - Disk monitoring error: argument 1 (impossible<bad format char>)
2025-04-25 00:40:34,879 - ERROR - Disk monitoring error: argument 1 (impossible<bad format char>)
2025-04-25 00:40:37,900 - ERROR - Disk monitoring error: argument 1 (impossible<bad format char>)
2025-04-25 00:40:40,920 - ERROR - Disk monitoring error: argument 1 (impossible<bad format char>)
2025-04-25 00:40:43,934 - ERROR - Disk monitoring error: argument 1 (impossible<bad format char>)
2025-04-25 00:40:46,945 - ERROR - Disk monitoring error: argument 1 (impossible<bad format char>)
2025-04-25 00:40:49,962 - ERROR - Disk monitoring error: argument 1 (impossible<bad format char>)
2025-04-25 00:40:52,984 - ERROR - Disk monitoring error: argument 1 (impossible<bad format char>)
2025-04-25 00:40:55,348 - ERROR - Unhandled exception in listener callback
Traceback (most recent call last):
  File "E:\KeyLoggerProject\.venv\Lib\site-packages\pynput\_util\win32.py", line 386, in _handler
    converted = self._convert(code, msg, lpdata)
  File "E:\KeyLoggerProject\.venv\Lib\site-packages\pynput\_util\win32.py", line 401, in _convert
    raise NotImplementedError()
NotImplementedError

During handling of the above exception, another exception occurred:

Traceback (most recent call last):
  File "E:\KeyLoggerProject\.venv\Lib\site-packages\pynput\_util\__init__.py", line 228, in inner
    return f(self, *args, **kwargs)
  File "E:\KeyLoggerProject\.venv\Lib\site-packages\pynput\_util\win32.py", line 390, in _handler
    self._handle(code, msg, lpdata)
    ~~~~~~~~~~~~^^^^^^^^^^^^^^^^^^^
TypeError: '_thread._ThreadHandle' object is not callable
2025-04-25 00:40:55,999 - ERROR - Disk monitoring error: argument 1 (impossible<bad format char>)
2025-04-25 00:40:59,014 - ERROR - Disk monitoring error: argument 1 (impossible<bad format char>)
2025-04-25 00:40:59,103 - INFO - Keyboard listener started
2025-04-25 00:40:59,105 - INFO - Mouse listener started
2025-04-25 00:40:59,270 - INFO - Screenshot captured: screenshots/screen_20250425_004059.png
2025-04-25 00:41:10,696 - ERROR - Unhandled exception in listener callback
Traceback (most recent call last):
  File "E:\KeyLoggerProject\.venv\Lib\site-packages\pynput\_util\win32.py", line 386, in _handler
    converted = self._convert(code, msg, lpdata)
  File "E:\KeyLoggerProject\.venv\Lib\site-packages\pynput\_util\win32.py", line 401, in _convert
    raise NotImplementedError()
NotImplementedError

During handling of the above exception, another exception occurred:

Traceback (most recent call last):
  File "E:\KeyLoggerProject\.venv\Lib\site-packages\pynput\_util\__init__.py", line 228, in inner
    return f(self, *args, **kwargs)
  File "E:\KeyLoggerProject\.venv\Lib\site-packages\pynput\_util\win32.py", line 390, in _handler
    self._handle(code, msg, lpdata)
    ~~~~~~~~~~~~^^^^^^^^^^^^^^^^^^^
TypeError: '_thread._ThreadHandle' object is not callable
2025-04-25 00:41:24,753 - INFO - Screenshot captured: screenshots/screen_20250425_004124.png
2025-04-25 00:55:37,248 - ERROR - Disk monitoring error: argument 1 (impossible<bad format char>)
2025-04-25 00:55:49,263 - INFO - Command server started on port 8080
2025-04-25 00:55:49,266 - INFO - Mouse listener started
2025-04-25 00:55:49,345 - INFO - Uploading logs using FTP
2025-04-25 00:55:49,370 - INFO - Keyboard listener started
2025-04-25 00:55:49,524 - INFO - Screenshot captured: screenshots/screen_20250425_005549.png
2025-04-25 00:55:49,929 - ERROR - FTP upload failed: [Errno 11001] getaddrinfo failed
2025-04-25 00:55:50,353 - ERROR - Disk monitoring error: argument 1 (impossible<bad format char>)
2025-04-25 00:55:52,246 - ERROR - Unhandled exception in listener callback
Traceback (most recent call last):
  File "E:\KeyLoggerProject\.venv\Lib\site-packages\pynput\_util\win32.py", line 386, in _handler
    converted = self._convert(code, msg, lpdata)
  File "E:\KeyLoggerProject\.venv\Lib\site-packages\pynput\_util\win32.py", line 401, in _convert
    raise NotImplementedError()
NotImplementedError

During handling of the above exception, another exception occurred:

Traceback (most recent call last):
  File "E:\KeyLoggerProject\.venv\Lib\site-packages\pynput\_util\__init__.py", line 228, in inner
    return f(self, *args, **kwargs)
  File "E:\KeyLoggerProject\.venv\Lib\site-packages\pynput\_util\win32.py", line 390, in _handler
    self._handle(code, msg, lpdata)
    ~~~~~~~~~~~~^^^^^^^^^^^^^^^^^^^
TypeError: '_thread._ThreadHandle' object is not callable
2025-04-25 00:55:53,360 - ERROR - Disk monitoring error: argument 1 (impossible<bad format char>)
2025-04-25 00:55:56,368 - ERROR - Disk monitoring error: argument 1 (impossible<bad format char>)
2025-04-25 00:55:59,377 - ERROR - Disk monitoring error: argument 1 (impossible<bad format char>)
2025-04-25 00:56:02,389 - ERROR - Disk monitoring error: argument 1 (impossible<bad format char>)
2025-04-25 00:56:05,403 - ERROR - Disk monitoring error: argument 1 (impossible<bad format char>)
2025-04-25 00:56:08,417 - ERROR - Disk monitoring error: argument 1 (impossible<bad format char>)
2025-04-25 00:56:11,429 - ERROR - Disk monitoring error: argument 1 (impossible<bad format char>)
2025-04-25 00:56:11,456 - INFO - Keyboard listener started
2025-04-25 00:56:11,458 - INFO - Mouse listener started
2025-04-25 00:56:11,650 - INFO - Screenshot captured: screenshots/screen_20250425_005611.png
2025-04-25 00:56:13,789 - ERROR - Unhandled exception in listener callback
Traceback (most recent call last):
  File "E:\KeyLoggerProject\.venv\Lib\site-packages\pynput\_util\win32.py", line 386, in _handler
    converted = self._convert(code, msg, lpdata)
  File "E:\KeyLoggerProject\.venv\Lib\site-packages\pynput\_util\win32.py", line 401, in _convert
    raise NotImplementedError()
NotImplementedError

During handling of the above exception, another exception occurred:

Traceback (most recent call last):
  File "E:\KeyLoggerProject\.venv\Lib\site-packages\pynput\_util\__init__.py", line 228, in inner
    return f(self, *args, **kwargs)
  File "E:\KeyLoggerProject\.venv\Lib\site-packages\pynput\_util\win32.py", line 390, in _handler
    self._handle(code, msg, lpdata)
    ~~~~~~~~~~~~^^^^^^^^^^^^^^^^^^^
TypeError: '_thread._ThreadHandle' object is not callable
2025-04-25 00:58:42,368 - ERROR - Disk monitoring error: argument 1 (impossible<bad format char>)
2025-04-25 00:58:43,618 - INFO - Command server started on port 8080
2025-04-25 00:58:43,621 - INFO - Mouse listener started
2025-04-25 00:58:43,723 - INFO - Keyboard listener started
2025-04-25 00:58:43,952 - INFO - Screenshot captured: screenshots/screen_20250425_005843.png
2025-04-25 00:58:44,051 - ERROR - FTP upload failed: [Errno 11001] getaddrinfo failed
2025-04-25 00:58:45,380 - ERROR - Disk monitoring error: argument 1 (impossible<bad format char>)
2025-04-25 00:58:45,447 - ERROR - Unhandled exception in listener callback
Traceback (most recent call last):
  File "E:\KeyLoggerProject\.venv\Lib\site-packages\pynput\_util\win32.py", line 386, in _handler
    converted = self._convert(code, msg, lpdata)
  File "E:\KeyLoggerProject\.venv\Lib\site-packages\pynput\_util\win32.py", line 401, in _convert
    raise NotImplementedError()
NotImplementedError

During handling of the above exception, another exception occurred:

Traceback (most recent call last):
  File "E:\KeyLoggerProject\.venv\Lib\site-packages\pynput\_util\__init__.py", line 228, in inner
    return f(self, *args, **kwargs)
  File "E:\KeyLoggerProject\.venv\Lib\site-packages\pynput\_util\win32.py", line 390, in _handler
    self._handle(code, msg, lpdata)
    ~~~~~~~~~~~~^^^^^^^^^^^^^^^^^^^
TypeError: '_thread._ThreadHandle' object is not callable
2025-04-25 00:58:48,393 - ERROR - Disk monitoring error: argument 1 (impossible<bad format char>)
2025-04-25 00:58:48,426 - INFO - Keyboard listener started
2025-04-25 00:58:48,427 - INFO - Mouse listener started
2025-04-25 00:58:48,664 - INFO - Screenshot captured: screenshots/screen_20250425_005848.png
2025-04-25 00:58:53,474 - ERROR - Unhandled exception in listener callback
Traceback (most recent call last):
  File "E:\KeyLoggerProject\.venv\Lib\site-packages\pynput\_util\win32.py", line 386, in _handler
    converted = self._convert(code, msg, lpdata)
  File "E:\KeyLoggerProject\.venv\Lib\site-packages\pynput\_util\win32.py", line 401, in _convert
    raise NotImplementedError()
NotImplementedError

During handling of the above exception, another exception occurred:

Traceback (most recent call last):
  File "E:\KeyLoggerProject\.venv\Lib\site-packages\pynput\_util\__init__.py", line 228, in inner
    return f(self, *args, **kwargs)
  File "E:\KeyLoggerProject\.venv\Lib\site-packages\pynput\_util\win32.py", line 390, in _handler
    self._handle(code, msg, lpdata)
    ~~~~~~~~~~~~^^^^^^^^^^^^^^^^^^^
TypeError: '_thread._ThreadHandle' object is not callable
2025-04-25 01:00:56,660 - ERROR - Disk monitoring error: argument 1 (impossible<bad format char>)
2025-04-25 01:00:57,774 - INFO - Command server started on port 8080
2025-04-25 01:00:57,776 - INFO - Mouse listener started
2025-04-25 01:00:57,882 - INFO - Keyboard listener started
2025-04-25 01:00:58,097 - INFO - Screenshot captured: screenshots/screen_20250425_010057.png
2025-04-25 01:00:58,386 - ERROR - FTP upload failed: [Errno 11001] getaddrinfo failed
2025-04-25 01:00:59,157 - ERROR - Unhandled exception in listener callback
Traceback (most recent call last):
  File "E:\KeyLoggerProject\.venv\Lib\site-packages\pynput\_util\win32.py", line 386, in _handler
    converted = self._convert(code, msg, lpdata)
  File "E:\KeyLoggerProject\.venv\Lib\site-packages\pynput\_util\win32.py", line 401, in _convert
    raise NotImplementedError()
NotImplementedError

During handling of the above exception, another exception occurred:

Traceback (most recent call last):
  File "E:\KeyLoggerProject\.venv\Lib\site-packages\pynput\_util\__init__.py", line 228, in inner
    return f(self, *args, **kwargs)
  File "E:\KeyLoggerProject\.venv\Lib\site-packages\pynput\_util\win32.py", line 390, in _handler
    self._handle(code, msg, lpdata)
    ~~~~~~~~~~~~^^^^^^^^^^^^^^^^^^^
TypeError: '_thread._ThreadHandle' object is not callable
2025-04-25 01:00:59,680 - ERROR - Disk monitoring error: argument 1 (impossible<bad format char>)
2025-04-25 01:01:01,146 - INFO - Keyboard listener started
2025-04-25 01:01:01,147 - INFO - Mouse listener started
2025-04-25 01:01:01,344 - INFO - Screenshot captured: screenshots/screen_20250425_010101.png
2025-04-25 01:01:06,041 - ERROR - Unhandled exception in listener callback
Traceback (most recent call last):
  File "E:\KeyLoggerProject\.venv\Lib\site-packages\pynput\_util\win32.py", line 386, in _handler
    converted = self._convert(code, msg, lpdata)
  File "E:\KeyLoggerProject\.venv\Lib\site-packages\pynput\_util\win32.py", line 401, in _convert
    raise NotImplementedError()
NotImplementedError

During handling of the above exception, another exception occurred:

Traceback (most recent call last):
  File "E:\KeyLoggerProject\.venv\Lib\site-packages\pynput\_util\__init__.py", line 228, in inner
    return f(self, *args, **kwargs)
  File "E:\KeyLoggerProject\.venv\Lib\site-packages\pynput\_util\win32.py", line 390, in _handler
    self._handle(code, msg, lpdata)
    ~~~~~~~~~~~~^^^^^^^^^^^^^^^^^^^
TypeError: '_thread._ThreadHandle' object is not callable
2025-04-25 01:11:29,724 - ERROR - Disk monitoring error: argument 1 (impossible<bad format char>)
2025-04-25 01:11:29,748 - INFO - Command server started on port 8080
2025-04-25 01:11:29,751 - INFO - Mouse listener started
2025-04-25 01:11:29,848 - INFO - Keyboard listener started
2025-04-25 01:11:30,062 - INFO - Screenshot captured: screenshots/screen_20250425_011129.png
2025-04-25 01:11:31,359 - ERROR - Unhandled exception in listener callback
Traceback (most recent call last):
  File "E:\KeyLoggerProject\.venv\Lib\site-packages\pynput\_util\win32.py", line 386, in _handler
    converted = self._convert(code, msg, lpdata)
  File "E:\KeyLoggerProject\.venv\Lib\site-packages\pynput\_util\win32.py", line 401, in _convert
    raise NotImplementedError()
NotImplementedError

During handling of the above exception, another exception occurred:

Traceback (most recent call last):
  File "E:\KeyLoggerProject\.venv\Lib\site-packages\pynput\_util\__init__.py", line 228, in inner
    return f(self, *args, **kwargs)
  File "E:\KeyLoggerProject\.venv\Lib\site-packages\pynput\_util\win32.py", line 390, in _handler
    self._handle(code, msg, lpdata)
    ~~~~~~~~~~~~^^^^^^^^^^^^^^^^^^^
TypeError: '_thread._ThreadHandle' object is not callable
2025-04-25 01:11:32,733 - ERROR - Disk monitoring error: argument 1 (impossible<bad format char>)
2025-04-25 01:11:33,266 - INFO - Keyboard listener started
2025-04-25 01:11:33,267 - INFO - Mouse listener started
2025-04-25 01:11:33,417 - INFO - Screenshot captured: screenshots/screen_20250425_011133.png
2025-04-25 01:11:36,488 - ERROR - Unhandled exception in listener callback
Traceback (most recent call last):
  File "E:\KeyLoggerProject\.venv\Lib\site-packages\pynput\_util\win32.py", line 386, in _handler
    converted = self._convert(code, msg, lpdata)
  File "E:\KeyLoggerProject\.venv\Lib\site-packages\pynput\_util\win32.py", line 401, in _convert
    raise NotImplementedError()
NotImplementedError

During handling of the above exception, another exception occurred:

Traceback (most recent call last):
  File "E:\KeyLoggerProject\.venv\Lib\site-packages\pynput\_util\__init__.py", line 228, in inner
    return f(self, *args, **kwargs)
  File "E:\KeyLoggerProject\.venv\Lib\site-packages\pynput\_util\win32.py", line 390, in _handler
    self._handle(code, msg, lpdata)
    ~~~~~~~~~~~~^^^^^^^^^^^^^^^^^^^
TypeError: '_thread._ThreadHandle' object is not callable
2025-04-25 01:11:41,858 - ERROR - FTP upload failed: [Errno 11001] getaddrinfo failed
2025-04-25 01:22:06,229 - INFO - Application starting...
2025-04-25 01:22:08,612 - ERROR - Disk monitoring error: argument 1 (impossible<bad format char>)
2025-04-25 01:22:08,614 - INFO - keyboard controller started.
2025-04-25 01:22:08,617 - INFO - mouse controller started.
2025-04-25 01:22:08,670 - INFO - screenshots controller started.
2025-04-25 01:22:08,671 - INFO - Mouse listener started
2025-04-25 01:22:08,671 - INFO - uploader controller started.
2025-04-25 01:22:08,688 - INFO - Command server started on port 8080
2025-04-25 01:22:08,704 - INFO - Keyboard listener started
2025-04-25 01:22:08,935 - INFO - Screenshot captured: screenshots/screen_20250425_012208.png
2025-04-25 01:22:09,458 - ERROR - FTP upload failed: [Errno 11001] getaddrinfo failed
2025-04-25 01:22:10,170 - ERROR - Unhandled exception in listener callback
Traceback (most recent call last):
  File "E:\KeyLoggerProject\.venv\Lib\site-packages\pynput\_util\win32.py", line 386, in _handler
    converted = self._convert(code, msg, lpdata)
  File "E:\KeyLoggerProject\.venv\Lib\site-packages\pynput\_util\win32.py", line 401, in _convert
    raise NotImplementedError()
NotImplementedError

During handling of the above exception, another exception occurred:

Traceback (most recent call last):
  File "E:\KeyLoggerProject\.venv\Lib\site-packages\pynput\_util\__init__.py", line 228, in inner
    return f(self, *args, **kwargs)
  File "E:\KeyLoggerProject\.venv\Lib\site-packages\pynput\_util\win32.py", line 390, in _handler
    self._handle(code, msg, lpdata)
    ~~~~~~~~~~~~^^^^^^^^^^^^^^^^^^^
TypeError: '_thread._ThreadHandle' object is not callable
2025-04-25 01:22:11,618 - ERROR - Disk monitoring error: argument 1 (impossible<bad format char>)
2025-04-25 01:22:12,429 - INFO - Keyboard listener started
2025-04-25 01:22:12,430 - INFO - Mouse listener started
2025-04-25 01:22:12,605 - INFO - Screenshot captured: screenshots/screen_20250425_012212.png
2025-04-25 01:22:16,324 - ERROR - Unhandled exception in listener callback
Traceback (most recent call last):
  File "E:\KeyLoggerProject\.venv\Lib\site-packages\pynput\_util\win32.py", line 386, in _handler
    converted = self._convert(code, msg, lpdata)
  File "E:\KeyLoggerProject\.venv\Lib\site-packages\pynput\_util\win32.py", line 401, in _convert
    raise NotImplementedError()
NotImplementedError

During handling of the above exception, another exception occurred:

Traceback (most recent call last):
  File "E:\KeyLoggerProject\.venv\Lib\site-packages\pynput\_util\__init__.py", line 228, in inner
    return f(self, *args, **kwargs)
  File "E:\KeyLoggerProject\.venv\Lib\site-packages\pynput\_util\win32.py", line 390, in _handler
    self._handle(code, msg, lpdata)
    ~~~~~~~~~~~~^^^^^^^^^^^^^^^^^^^
TypeError: '_thread._ThreadHandle' object is not callable
2025-04-25 01:29:07,135 - INFO - Application starting...
2025-04-25 01:29:09,389 - ERROR - Disk monitoring error: argument 1 (impossible<bad format char>)
2025-04-25 01:29:09,392 - INFO - keyboard controller started.
2025-04-25 01:29:09,394 - INFO - mouse controller started.
2025-04-25 01:29:09,460 - INFO - screenshots controller started.
2025-04-25 01:29:09,461 - INFO - uploader controller started.
2025-04-25 01:29:09,478 - INFO - Command server started on port 8080
2025-04-25 01:29:09,494 - INFO - Keyboard listener started
2025-04-25 01:29:09,651 - ERROR - Unhandled exception in listener callback
Traceback (most recent call last):
  File "E:\KeyLoggerProject\.venv\Lib\site-packages\pynput\_util\win32.py", line 386, in _handler
    converted = self._convert(code, msg, lpdata)
  File "E:\KeyLoggerProject\.venv\Lib\site-packages\pynput\_util\win32.py", line 401, in _convert
    raise NotImplementedError()
NotImplementedError

During handling of the above exception, another exception occurred:

Traceback (most recent call last):
  File "E:\KeyLoggerProject\.venv\Lib\site-packages\pynput\_util\__init__.py", line 228, in inner
    return f(self, *args, **kwargs)
  File "E:\KeyLoggerProject\.venv\Lib\site-packages\pynput\_util\win32.py", line 390, in _handler
    self._handle(code, msg, lpdata)
    ~~~~~~~~~~~~^^^^^^^^^^^^^^^^^^^
TypeError: '_thread._ThreadHandle' object is not callable
2025-04-25 01:29:09,753 - INFO - Screenshot captured: screenshots/screen_20250425_012909.png
2025-04-25 01:29:09,889 - ERROR - FTP upload failed: [Errno 11001] getaddrinfo failed
2025-04-25 01:29:12,397 - ERROR - Disk monitoring error: argument 1 (impossible<bad format char>)
2025-04-25 01:29:12,434 - INFO - Keyboard listener started
2025-04-25 01:29:16,548 - ERROR - Unhandled exception in listener callback
Traceback (most recent call last):
  File "E:\KeyLoggerProject\.venv\Lib\site-packages\pynput\_util\win32.py", line 386, in _handler
    converted = self._convert(code, msg, lpdata)
  File "E:\KeyLoggerProject\.venv\Lib\site-packages\pynput\_util\win32.py", line 401, in _convert
    raise NotImplementedError()
NotImplementedError

During handling of the above exception, another exception occurred:

Traceback (most recent call last):
  File "E:\KeyLoggerProject\.venv\Lib\site-packages\pynput\_util\__init__.py", line 228, in inner
    return f(self, *args, **kwargs)
  File "E:\KeyLoggerProject\.venv\Lib\site-packages\pynput\_util\win32.py", line 390, in _handler
    self._handle(code, msg, lpdata)
    ~~~~~~~~~~~~^^^^^^^^^^^^^^^^^^^
TypeError: '_thread._ThreadHandle' object is not callable
2025-04-25 01:29:16,551 - ERROR - Failed to start logging: '_thread._ThreadHandle' object is not callable
2025-04-25 01:29:17,558 - ERROR - Disk monitoring error: argument 1 (impossible<bad format char>)
2025-04-25 01:29:20,569 - ERROR - Disk monitoring error: argument 1 (impossible<bad format char>)
2025-04-25 01:29:23,583 - ERROR - Disk monitoring error: argument 1 (impossible<bad format char>)
2025-04-25 01:29:26,595 - ERROR - Disk monitoring error: argument 1 (impossible<bad format char>)
2025-04-25 01:29:29,601 - ERROR - Disk monitoring error: argument 1 (impossible<bad format char>)
2025-04-25 01:29:32,617 - ERROR - Disk monitoring error: argument 1 (impossible<bad format char>)
2025-04-25 01:29:35,636 - ERROR - Disk monitoring error: argument 1 (impossible<bad format char>)
2025-04-25 01:29:36,686 - INFO - Stopping all controllers...
2025-04-25 01:29:36,686 - INFO - screenshots controller stopped.
2025-04-25 01:29:36,686 - INFO - uploader controller stopped.
2025-04-25 01:29:36,969 - INFO - Command server stopped
2025-04-25 01:29:36,969 - INFO - command_server controller stopped.
2025-04-25 01:29:42,990 - INFO - Application shutdown complete.
2025-04-25 01:29:54,567 - INFO - Application starting...
2025-04-25 01:29:56,832 - ERROR - Disk monitoring error: argument 1 (impossible<bad format char>)
2025-04-25 01:29:56,835 - INFO - keyboard controller started.
2025-04-25 01:29:56,840 - INFO - mouse controller started.
2025-04-25 01:29:56,907 - INFO - screenshots controller started.
2025-04-25 01:29:56,909 - INFO - uploader controller started.
2025-04-25 01:29:56,928 - INFO - Command server started on port 8080
2025-04-25 01:29:56,945 - INFO - Keyboard listener started
2025-04-25 01:29:57,188 - INFO - Screenshot captured: screenshots/screen_20250425_012956.png
2025-04-25 01:29:57,611 - ERROR - FTP upload failed: [Errno 11001] getaddrinfo failed
2025-04-25 01:29:58,535 - ERROR - Unhandled exception in listener callback
Traceback (most recent call last):
  File "E:\KeyLoggerProject\.venv\Lib\site-packages\pynput\_util\win32.py", line 386, in _handler
    converted = self._convert(code, msg, lpdata)
  File "E:\KeyLoggerProject\.venv\Lib\site-packages\pynput\_util\win32.py", line 401, in _convert
    raise NotImplementedError()
NotImplementedError

During handling of the above exception, another exception occurred:

Traceback (most recent call last):
  File "E:\KeyLoggerProject\.venv\Lib\site-packages\pynput\_util\__init__.py", line 228, in inner
    return f(self, *args, **kwargs)
  File "E:\KeyLoggerProject\.venv\Lib\site-packages\pynput\_util\win32.py", line 390, in _handler
    self._handle(code, msg, lpdata)
    ~~~~~~~~~~~~^^^^^^^^^^^^^^^^^^^
TypeError: '_thread._ThreadHandle' object is not callable
2025-04-25 01:29:59,841 - ERROR - Disk monitoring error: argument 1 (impossible<bad format char>)
2025-04-25 01:30:00,122 - INFO - Keyboard listener started
2025-04-25 01:30:03,023 - ERROR - Unhandled exception in listener callback
Traceback (most recent call last):
  File "E:\KeyLoggerProject\.venv\Lib\site-packages\pynput\_util\win32.py", line 386, in _handler
    converted = self._convert(code, msg, lpdata)
  File "E:\KeyLoggerProject\.venv\Lib\site-packages\pynput\_util\win32.py", line 401, in _convert
    raise NotImplementedError()
NotImplementedError

During handling of the above exception, another exception occurred:

Traceback (most recent call last):
  File "E:\KeyLoggerProject\.venv\Lib\site-packages\pynput\_util\__init__.py", line 228, in inner
    return f(self, *args, **kwargs)
  File "E:\KeyLoggerProject\.venv\Lib\site-packages\pynput\_util\win32.py", line 390, in _handler
    self._handle(code, msg, lpdata)
    ~~~~~~~~~~~~^^^^^^^^^^^^^^^^^^^
TypeError: '_thread._ThreadHandle' object is not callable
2025-04-25 01:30:03,026 - ERROR - Failed to start logging: '_thread._ThreadHandle' object is not callable
2025-04-25 01:30:04,033 - ERROR - Disk monitoring error: argument 1 (impossible<bad format char>)
2025-04-25 01:30:07,057 - ERROR - Disk monitoring error: argument 1 (impossible<bad format char>)
2025-04-25 01:30:10,065 - ERROR - Disk monitoring error: argument 1 (impossible<bad format char>)
2025-04-25 01:30:13,085 - ERROR - Disk monitoring error: argument 1 (impossible<bad format char>)
2025-04-25 01:30:16,091 - ERROR - Disk monitoring error: argument 1 (impossible<bad format char>)
2025-04-25 01:30:19,106 - ERROR - Disk monitoring error: argument 1 (impossible<bad format char>)
2025-04-25 01:30:22,121 - ERROR - Disk monitoring error: argument 1 (impossible<bad format char>)
2025-04-25 01:30:25,145 - ERROR - Disk monitoring error: argument 1 (impossible<bad format char>)
2025-04-25 01:30:28,159 - ERROR - Disk monitoring error: argument 1 (impossible<bad format char>)
2025-04-25 01:30:31,169 - ERROR - Disk monitoring error: argument 1 (impossible<bad format char>)
2025-04-25 01:30:34,183 - ERROR - Disk monitoring error: argument 1 (impossible<bad format char>)
2025-04-25 01:30:37,198 - ERROR - Disk monitoring error: argument 1 (impossible<bad format char>)
2025-04-25 01:30:40,220 - ERROR - Disk monitoring error: argument 1 (impossible<bad format char>)
2025-04-25 01:30:43,235 - ERROR - Disk monitoring error: argument 1 (impossible<bad format char>)
2025-04-25 01:30:46,258 - ERROR - Disk monitoring error: argument 1 (impossible<bad format char>)
2025-04-25 01:30:49,282 - ERROR - Disk monitoring error: argument 1 (impossible<bad format char>)
2025-04-25 01:30:52,329 - ERROR - Disk monitoring error: argument 1 (impossible<bad format char>)
2025-04-25 01:30:55,352 - ERROR - Disk monitoring error: argument 1 (impossible<bad format char>)
2025-04-25 01:30:57,713 - INFO - Screenshot captured: screenshots/screen_20250425_013057.png
2025-04-25 01:30:58,374 - ERROR - Disk monitoring error: argument 1 (impossible<bad format char>)
2025-04-25 01:31:01,383 - ERROR - Disk monitoring error: argument 1 (impossible<bad format char>)
2025-04-25 01:31:04,401 - ERROR - Disk monitoring error: argument 1 (impossible<bad format char>)
2025-04-25 01:31:07,423 - ERROR - Disk monitoring error: argument 1 (impossible<bad format char>)
2025-04-25 01:31:10,441 - ERROR - Disk monitoring error: argument 1 (impossible<bad format char>)
2025-04-25 01:31:13,455 - ERROR - Disk monitoring error: argument 1 (impossible<bad format char>)
2025-04-25 01:31:16,464 - ERROR - Disk monitoring error: argument 1 (impossible<bad format char>)
2025-04-25 01:31:17,910 - INFO - Stopping all controllers...
2025-04-25 01:31:17,911 - INFO - screenshots controller stopped.
2025-04-25 01:31:17,911 - INFO - uploader controller stopped.
2025-04-25 01:31:18,417 - INFO - Command server stopped
2025-04-25 01:31:18,417 - INFO - command_server controller stopped.
2025-04-25 01:31:24,437 - INFO - Application shutdown complete.
2025-04-25 01:31:27,622 - INFO - Application starting...
2025-04-25 01:31:30,405 - ERROR - Disk monitoring error: argument 1 (impossible<bad format char>)
2025-04-25 01:31:30,412 - INFO - keyboard controller started.
2025-04-25 01:31:30,415 - INFO - mouse controller started.
2025-04-25 01:31:30,484 - INFO - screenshots controller started.
2025-04-25 01:31:30,491 - INFO - uploader controller started.
2025-04-25 01:31:30,517 - INFO - Command server started on port 8080
2025-04-25 01:31:30,541 - INFO - Keyboard listener started
2025-04-25 01:31:30,576 - ERROR - FTP upload failed: [Errno 11001] getaddrinfo failed
2025-04-25 01:31:30,801 - INFO - Screenshot captured: screenshots/screen_20250425_013130.png
2025-04-25 01:31:31,855 - ERROR - Unhandled exception in listener callback
Traceback (most recent call last):
  File "E:\KeyLoggerProject\.venv\Lib\site-packages\pynput\_util\win32.py", line 386, in _handler
    converted = self._convert(code, msg, lpdata)
  File "E:\KeyLoggerProject\.venv\Lib\site-packages\pynput\_util\win32.py", line 401, in _convert
    raise NotImplementedError()
NotImplementedError

During handling of the above exception, another exception occurred:

Traceback (most recent call last):
  File "E:\KeyLoggerProject\.venv\Lib\site-packages\pynput\_util\__init__.py", line 228, in inner
    return f(self, *args, **kwargs)
  File "E:\KeyLoggerProject\.venv\Lib\site-packages\pynput\_util\win32.py", line 390, in _handler
    self._handle(code, msg, lpdata)
    ~~~~~~~~~~~~^^^^^^^^^^^^^^^^^^^
TypeError: '_thread._ThreadHandle' object is not callable
2025-04-25 01:31:33,416 - ERROR - Disk monitoring error: argument 1 (impossible<bad format char>)
2025-04-25 01:31:33,453 - INFO - Keyboard listener started
2025-04-25 01:31:38,369 - ERROR - Unhandled exception in listener callback
Traceback (most recent call last):
  File "E:\KeyLoggerProject\.venv\Lib\site-packages\pynput\_util\win32.py", line 386, in _handler
    converted = self._convert(code, msg, lpdata)
  File "E:\KeyLoggerProject\.venv\Lib\site-packages\pynput\_util\win32.py", line 401, in _convert
    raise NotImplementedError()
NotImplementedError

During handling of the above exception, another exception occurred:

Traceback (most recent call last):
  File "E:\KeyLoggerProject\.venv\Lib\site-packages\pynput\_util\__init__.py", line 228, in inner
    return f(self, *args, **kwargs)
  File "E:\KeyLoggerProject\.venv\Lib\site-packages\pynput\_util\win32.py", line 390, in _handler
    self._handle(code, msg, lpdata)
    ~~~~~~~~~~~~^^^^^^^^^^^^^^^^^^^
TypeError: '_thread._ThreadHandle' object is not callable
2025-04-25 01:31:38,372 - ERROR - Failed to start logging: '_thread._ThreadHandle' object is not callable
2025-04-25 01:31:39,379 - ERROR - Disk monitoring error: argument 1 (impossible<bad format char>)
2025-04-25 01:31:42,393 - ERROR - Disk monitoring error: argument 1 (impossible<bad format char>)
2025-04-25 01:31:45,415 - ERROR - Disk monitoring error: argument 1 (impossible<bad format char>)
2025-04-25 01:31:48,437 - ERROR - Disk monitoring error: argument 1 (impossible<bad format char>)
2025-04-25 01:31:51,457 - ERROR - Disk monitoring error: argument 1 (impossible<bad format char>)
2025-04-25 01:31:54,481 - ERROR - Disk monitoring error: argument 1 (impossible<bad format char>)
2025-04-25 01:31:57,499 - ERROR - Disk monitoring error: argument 1 (impossible<bad format char>)
2025-04-25 01:32:00,510 - ERROR - Disk monitoring error: argument 1 (impossible<bad format char>)
2025-04-25 01:32:01,148 - INFO - Stopping all controllers...
2025-04-25 01:32:01,149 - INFO - screenshots controller stopped.
2025-04-25 01:32:01,149 - INFO - uploader controller stopped.
2025-04-25 01:32:01,473 - INFO - Command server stopped
2025-04-25 01:32:01,473 - INFO - command_server controller stopped.
2025-04-25 01:32:07,488 - INFO - Application shutdown complete.
2025-04-25 01:33:37,579 - ERROR - Disk monitoring error: argument 1 (impossible<bad format char>)
2025-04-25 01:33:37,601 - INFO - Command server started on port 8080
2025-04-25 01:33:37,609 - INFO - Mouse listener started
2025-04-25 01:33:37,714 - INFO - Keyboard listener started
2025-04-25 01:33:37,867 - ERROR - FTP upload failed: [Errno 11001] getaddrinfo failed
2025-04-25 01:33:37,932 - INFO - Screenshot captured: screenshots/screen_20250425_013337.png
2025-04-25 01:33:38,887 - ERROR - Unhandled exception in listener callback
Traceback (most recent call last):
  File "E:\KeyLoggerProject\.venv\Lib\site-packages\pynput\_util\win32.py", line 386, in _handler
    converted = self._convert(code, msg, lpdata)
  File "E:\KeyLoggerProject\.venv\Lib\site-packages\pynput\_util\win32.py", line 401, in _convert
    raise NotImplementedError()
NotImplementedError

During handling of the above exception, another exception occurred:

Traceback (most recent call last):
  File "E:\KeyLoggerProject\.venv\Lib\site-packages\pynput\_util\__init__.py", line 228, in inner
    return f(self, *args, **kwargs)
  File "E:\KeyLoggerProject\.venv\Lib\site-packages\pynput\_util\win32.py", line 390, in _handler
    self._handle(code, msg, lpdata)
    ~~~~~~~~~~~~^^^^^^^^^^^^^^^^^^^
TypeError: '_thread._ThreadHandle' object is not callable
2025-04-25 01:33:40,586 - ERROR - Disk monitoring error: argument 1 (impossible<bad format char>)
2025-04-25 01:33:41,011 - INFO - Keyboard listener started
2025-04-25 01:33:41,014 - INFO - Mouse listener started
2025-04-25 01:33:41,201 - INFO - Screenshot captured: screenshots/screen_20250425_013341.png
2025-04-25 01:33:44,665 - ERROR - Unhandled exception in listener callback
Traceback (most recent call last):
  File "E:\KeyLoggerProject\.venv\Lib\site-packages\pynput\_util\win32.py", line 386, in _handler
    converted = self._convert(code, msg, lpdata)
  File "E:\KeyLoggerProject\.venv\Lib\site-packages\pynput\_util\win32.py", line 401, in _convert
    raise NotImplementedError()
NotImplementedError

During handling of the above exception, another exception occurred:

Traceback (most recent call last):
  File "E:\KeyLoggerProject\.venv\Lib\site-packages\pynput\_util\__init__.py", line 228, in inner
    return f(self, *args, **kwargs)
  File "E:\KeyLoggerProject\.venv\Lib\site-packages\pynput\_util\win32.py", line 390, in _handler
    self._handle(code, msg, lpdata)
    ~~~~~~~~~~~~^^^^^^^^^^^^^^^^^^^
TypeError: '_thread._ThreadHandle' object is not callable
2025-04-25 01:40:52,928 - ERROR - Disk monitoring error: argument 1 (impossible<bad format char>)
2025-04-25 01:40:52,948 - INFO - Command server started on port 8080
2025-04-25 01:40:52,951 - INFO - Mouse listener started
2025-04-25 01:40:53,321 - INFO - Screenshot captured: screenshots/screen_20250425_014052.png
2025-04-25 01:40:54,934 - ERROR - Unhandled exception in listener callback
Traceback (most recent call last):
  File "E:\KeyLoggerProject\.venv\Lib\site-packages\pynput\_util\win32.py", line 386, in _handler
    converted = self._convert(code, msg, lpdata)
  File "E:\KeyLoggerProject\.venv\Lib\site-packages\pynput\_util\win32.py", line 401, in _convert
    raise NotImplementedError()
NotImplementedError

During handling of the above exception, another exception occurred:

Traceback (most recent call last):
  File "E:\KeyLoggerProject\.venv\Lib\site-packages\pynput\_util\__init__.py", line 228, in inner
    return f(self, *args, **kwargs)
  File "E:\KeyLoggerProject\.venv\Lib\site-packages\pynput\_util\win32.py", line 390, in _handler
    self._handle(code, msg, lpdata)
    ~~~~~~~~~~~~^^^^^^^^^^^^^^^^^^^
TypeError: '_thread._ThreadHandle' object is not callable
2025-04-25 01:40:55,934 - ERROR - Disk monitoring error: argument 1 (impossible<bad format char>)
2025-04-25 01:40:56,375 - ERROR - FTP upload failed: [Errno 11001] getaddrinfo failed
2025-04-25 01:40:57,567 - INFO - Mouse listener started
2025-04-25 01:40:57,801 - INFO - Screenshot captured: screenshots/screen_20250425_014057.png
2025-04-25 01:41:02,377 - ERROR - Unhandled exception in listener callback
Traceback (most recent call last):
  File "E:\KeyLoggerProject\.venv\Lib\site-packages\pynput\_util\win32.py", line 386, in _handler
    converted = self._convert(code, msg, lpdata)
  File "E:\KeyLoggerProject\.venv\Lib\site-packages\pynput\_util\win32.py", line 401, in _convert
    raise NotImplementedError()
NotImplementedError

During handling of the above exception, another exception occurred:

Traceback (most recent call last):
  File "E:\KeyLoggerProject\.venv\Lib\site-packages\pynput\_util\__init__.py", line 228, in inner
    return f(self, *args, **kwargs)
  File "E:\KeyLoggerProject\.venv\Lib\site-packages\pynput\_util\win32.py", line 390, in _handler
    self._handle(code, msg, lpdata)
    ~~~~~~~~~~~~^^^^^^^^^^^^^^^^^^^
TypeError: '_thread._ThreadHandle' object is not callable
2025-04-25 01:42:15,396 - ERROR - Disk monitoring error: argument 1 (impossible<bad format char>)
2025-04-25 01:42:15,416 - INFO - Command server started on port 8080
2025-04-25 01:42:15,418 - INFO - Mouse listener started
2025-04-25 01:42:15,813 - INFO - Screenshot captured: screenshots/screen_20250425_014215.png
2025-04-25 01:42:16,110 - ERROR - FTP upload failed: [Errno 11001] getaddrinfo failed
2025-04-25 01:42:16,177 - ERROR - Unhandled exception in listener callback
Traceback (most recent call last):
  File "E:\KeyLoggerProject\.venv\Lib\site-packages\pynput\_util\win32.py", line 386, in _handler
    converted = self._convert(code, msg, lpdata)
  File "E:\KeyLoggerProject\.venv\Lib\site-packages\pynput\_util\win32.py", line 401, in _convert
    raise NotImplementedError()
NotImplementedError

During handling of the above exception, another exception occurred:

Traceback (most recent call last):
  File "E:\KeyLoggerProject\.venv\Lib\site-packages\pynput\_util\__init__.py", line 228, in inner
    return f(self, *args, **kwargs)
  File "E:\KeyLoggerProject\.venv\Lib\site-packages\pynput\_util\win32.py", line 390, in _handler
    self._handle(code, msg, lpdata)
    ~~~~~~~~~~~~^^^^^^^^^^^^^^^^^^^
TypeError: '_thread._ThreadHandle' object is not callable
2025-04-25 01:42:18,412 - ERROR - Disk monitoring error: argument 1 (impossible<bad format char>)
2025-04-25 01:42:18,711 - INFO - Mouse listener started
2025-04-25 01:42:18,964 - INFO - Screenshot captured: screenshots/screen_20250425_014218.png
2025-04-25 01:42:26,859 - ERROR - Unhandled exception in listener callback
Traceback (most recent call last):
  File "E:\KeyLoggerProject\.venv\Lib\site-packages\pynput\_util\win32.py", line 386, in _handler
    converted = self._convert(code, msg, lpdata)
  File "E:\KeyLoggerProject\.venv\Lib\site-packages\pynput\_util\win32.py", line 401, in _convert
    raise NotImplementedError()
NotImplementedError

During handling of the above exception, another exception occurred:

Traceback (most recent call last):
  File "E:\KeyLoggerProject\.venv\Lib\site-packages\pynput\_util\__init__.py", line 228, in inner
    return f(self, *args, **kwargs)
  File "E:\KeyLoggerProject\.venv\Lib\site-packages\pynput\_util\win32.py", line 390, in _handler
    self._handle(code, msg, lpdata)
    ~~~~~~~~~~~~^^^^^^^^^^^^^^^^^^^
TypeError: '_thread._ThreadHandle' object is not callable
2025-04-25 01:44:17,753 - ERROR - Disk monitoring error: argument 1 (impossible<bad format char>)
2025-04-25 01:44:17,781 - INFO - Command server started on port 8080
2025-04-25 01:44:17,857 - INFO - Mouse listener started
2025-04-25 01:44:18,150 - INFO - Screenshot captured: screenshots/screen_20250425_014417.png
2025-04-25 01:44:19,851 - ERROR - Unhandled exception in listener callback
Traceback (most recent call last):
  File "E:\KeyLoggerProject\.venv\Lib\site-packages\pynput\_util\win32.py", line 386, in _handler
    converted = self._convert(code, msg, lpdata)
  File "E:\KeyLoggerProject\.venv\Lib\site-packages\pynput\_util\win32.py", line 401, in _convert
    raise NotImplementedError()
NotImplementedError

During handling of the above exception, another exception occurred:

Traceback (most recent call last):
  File "E:\KeyLoggerProject\.venv\Lib\site-packages\pynput\_util\__init__.py", line 228, in inner
    return f(self, *args, **kwargs)
  File "E:\KeyLoggerProject\.venv\Lib\site-packages\pynput\_util\win32.py", line 390, in _handler
    self._handle(code, msg, lpdata)
    ~~~~~~~~~~~~^^^^^^^^^^^^^^^^^^^
TypeError: '_thread._ThreadHandle' object is not callable
2025-04-25 01:44:20,769 - ERROR - Disk monitoring error: argument 1 (impossible<bad format char>)
2025-04-25 01:44:21,262 - ERROR - FTP upload failed: [Errno 11001] getaddrinfo failed
2025-04-25 01:44:22,023 - INFO - Mouse listener started
2025-04-25 01:44:22,282 - INFO - Screenshot captured: screenshots/screen_20250425_014422.png
2025-04-25 01:44:25,640 - ERROR - Unhandled exception in listener callback
Traceback (most recent call last):
  File "E:\KeyLoggerProject\.venv\Lib\site-packages\pynput\_util\win32.py", line 386, in _handler
    converted = self._convert(code, msg, lpdata)
  File "E:\KeyLoggerProject\.venv\Lib\site-packages\pynput\_util\win32.py", line 401, in _convert
    raise NotImplementedError()
NotImplementedError

During handling of the above exception, another exception occurred:

Traceback (most recent call last):
  File "E:\KeyLoggerProject\.venv\Lib\site-packages\pynput\_util\__init__.py", line 228, in inner
    return f(self, *args, **kwargs)
  File "E:\KeyLoggerProject\.venv\Lib\site-packages\pynput\_util\win32.py", line 390, in _handler
    self._handle(code, msg, lpdata)
    ~~~~~~~~~~~~^^^^^^^^^^^^^^^^^^^
TypeError: '_thread._ThreadHandle' object is not callable
2025-04-25 10:25:48,011 - INFO - Command server started on port 8080
2025-04-25 10:25:48,013 - INFO - Mouse listener started
2025-04-25 10:25:48,359 - ERROR - FTP upload failed: [Errno 11001] getaddrinfo failed
2025-04-25 10:25:48,533 - INFO - Screenshot captured: screenshots/screen_20250425_102548.png
2025-04-25 10:25:50,475 - ERROR - Disk monitoring error: argument 1 (impossible<bad format char>)
2025-04-25 10:25:53,480 - ERROR - Disk monitoring error: argument 1 (impossible<bad format char>)
2025-04-25 10:25:56,485 - ERROR - Disk monitoring error: argument 1 (impossible<bad format char>)
2025-04-25 10:25:59,489 - ERROR - Disk monitoring error: argument 1 (impossible<bad format char>)
2025-04-25 10:26:02,509 - ERROR - Disk monitoring error: argument 1 (impossible<bad format char>)
2025-04-25 10:26:05,529 - ERROR - Disk monitoring error: argument 1 (impossible<bad format char>)
2025-04-25 10:26:08,539 - ERROR - Disk monitoring error: argument 1 (impossible<bad format char>)
2025-04-25 10:26:11,552 - ERROR - Disk monitoring error: argument 1 (impossible<bad format char>)
2025-04-25 10:26:14,565 - ERROR - Disk monitoring error: argument 1 (impossible<bad format char>)
2025-04-25 10:26:17,572 - ERROR - Disk monitoring error: argument 1 (impossible<bad format char>)
2025-04-25 10:26:20,576 - ERROR - Disk monitoring error: argument 1 (impossible<bad format char>)
2025-04-25 10:26:20,876 - ERROR - Unhandled exception in listener callback
Traceback (most recent call last):
  File "E:\KeyLoggerProject\.venv\Lib\site-packages\pynput\_util\win32.py", line 386, in _handler
    converted = self._convert(code, msg, lpdata)
  File "E:\KeyLoggerProject\.venv\Lib\site-packages\pynput\_util\win32.py", line 401, in _convert
    raise NotImplementedError()
NotImplementedError

During handling of the above exception, another exception occurred:

Traceback (most recent call last):
  File "E:\KeyLoggerProject\.venv\Lib\site-packages\pynput\_util\__init__.py", line 228, in inner
    return f(self, *args, **kwargs)
  File "E:\KeyLoggerProject\.venv\Lib\site-packages\pynput\_util\win32.py", line 390, in _handler
    self._handle(code, msg, lpdata)
    ~~~~~~~~~~~~^^^^^^^^^^^^^^^^^^^
TypeError: '_thread._ThreadHandle' object is not callable
2025-04-25 10:26:23,590 - ERROR - Disk monitoring error: argument 1 (impossible<bad format char>)
2025-04-25 10:26:24,595 - INFO - Command server stopped
2026-02-20 14:03:32,314 - INFO - Command server started on port 8080
2026-02-20 14:03:32,314 - INFO - Mouse listener started
2026-02-20 14:03:32,511 - ERROR - FTP upload failed: [Errno 11001] getaddrinfo failed
2026-02-20 14:03:32,683 - INFO - Screenshot captured: screenshots/screen_20260220_140332.png
2026-02-20 14:03:40,103 - INFO - Command server started on port 8080
2026-02-20 14:03:40,147 - INFO - Mouse listener started
2026-02-20 14:03:40,251 - ERROR - FTP upload failed: [Errno 11001] getaddrinfo failed
2026-02-20 14:03:40,356 - INFO - Screenshot captured: screenshots/screen_20260220_140340.png
